PC Time,test_time, timeInterval,IMU-1 id,Roll-1,Pitch-1,Yaw-1,Roll-1 Rate,Pitch-1 Rate,Yaw-1 Rate,IMU-2 id,Roll-2,Pitch-2,Yaw-2,Roll-2 Rate,Pitch-2 Rate,Yaw-2 Rate,IMU-3 id,Roll-3,Pitch-3,Yaw-3,Roll-3 Rate,Pitch-3 Rate,Yaw-3 Rate,IMU-4 id,Roll-4,Pitch-4,Yaw-4,Roll-4 Rate,Pitch-4 Rate,Yaw-4 Rate,
23:00:49,0,1.81e-05,[0]: ID: 00B48A50,    0.00,     0.00,     0.00,    0.00,    0.00,    0.00, 
23:00:49,0.00,0.00,[0]: ID: 00B48A50,    0.00,     0.01,    -0.01, -914.81, -322.16, 64975.10, 
23:00:49,0.00,0.00,[0]: ID: 00B48A50,    0.00,     0.01,    -0.01,   -0.68,    0.75,    0.35, 
23:00:49,0.00,0.00,[0]: ID: 00B48A50,    0.00,     0.01,    -0.01,    2.15,   -7.00,   -3.90, 
23:00:49,0.00,0.00,[0]: ID: 00B48A50,    0.00,     0.01,    -0.01,    4.79,   15.35,   -0.30, 
23:00:49,0.00,0.00,[0]: ID: 00B48A50,    0.00,     0.02,    -0.01,    3.58,   25.27,    5.61, 
23:00:49,0.00,0.00,[0]: ID: 00B48A50,    0.01,     0.02,    -0.01,   14.18,    7.90,    4.30, 
23:00:49,0.00,0.00,[0]: ID: 00B48A50,    0.01,     0.02,    -0.01,    4.59,   -4.28,  -17.08, 
23:00:49,0.00,0.00,[0]: ID: 00B48A50,    0.01,     0.02,    -0.01,   24.80,   16.65,  -17.43, 
23:00:49,0.00,0.00,[0]: ID: 00B48A50,    0.01,     0.02,    -0.01,   14.31,   -0.91,   13.66, 
23:00:49,0.00,0.00,[0]: ID: 00B48A50,    0.01,     0.02,    -0.01,  -16.13,   -3.52,    6.41, 
23:00:49,0.00,0.00,[0]: ID: 00B48A50,    0.01,     0.02,    -0.01,    4.37,   -2.56,    7.96, 
23:00:49,0.00,0.00,[0]: ID: 00B48A50,    0.01,     0.02,    -0.01,    0.26,   -0.64,   -0.50, 
23:00:49,0.01,0.00,[0]: ID: 00B48A50,    0.01,     0.02,    -0.01,  -12.36,    4.98,   -5.80, 
23:00:49,0.01,0.00,[0]: ID: 00B48A50,    0.01,     0.02,    -0.01,    5.22,   -1.84,   13.57, 
23:00:49,0.01,0.00,[0]: ID: 00B48A50,    0.01,     0.02,    -0.01,    4.78,   -2.74,   -3.44, 
23:00:49,0.01,0.00,[0]: ID: 00B48A50,    0.01,     0.02,    -0.01,  -15.26,    8.20,   23.04, 
23:00:49,0.01,0.00,[0]: ID: 00B48A50,    0.01,     0.02,    -0.01,   -5.79,   -3.82,   -7.74, 
23:00:49,0.01,0.00,[0]: ID: 00B48A50,    0.01,     0.01,    -0.01,   -4.47,  -13.48,    0.48, 
23:00:49,0.01,0.00,[0]: ID: 00B48A50,    0.01,     0.01,    -0.01,    4.74,   -2.29,    7.76, 
23:00:49,0.01,0.00,[0]: ID: 00B48A50,    0.01,     0.02,    -0.01,   -4.96,   16.81,   -4.95, 
23:00:49,0.01,0.00,[0]: ID: 00B48A50,    0.01,     0.02,    -0.01,    5.82,   -3.82,  -10.63, 
23:00:49,0.01,0.00,[0]: ID: 00B48A50,    0.01,     0.02,    -0.01,   -0.73,    0.30,    0.25, 
23:00:49,0.01,0.00,[0]: ID: 00B48A50,    0.00,     0.01,    -0.01,   -4.84,  -10.76,    3.60, 
23:00:49,0.01,0.00,[0]: ID: 00B48A50,    0.01,     0.02,    -0.00,    5.34,    9.13,   16.03, 
23:00:49,0.01,0.00,[0]: ID: 00B48A50,    0.01,     0.01,    -0.00,    4.62,  -12.24,    9.40, 
23:00:49,0.01,0.00,[0]: ID: 00B48A50,    0.00,     0.01,    -0.00,  -14.63,   -4.99,   -8.77, 
23:00:49,0.01,0.00,[0]: ID: 00B48A50,    0.00,     0.01,    -0.00,   -5.36,    8.28,   18.97, 
23:00:49,0.01,0.00,[0]: ID: 00B48A50,    0.00,     0.01,    -0.00,    5.62,  -11.56,    8.67, 
23:00:49,0.01,0.00,[0]: ID: 00B48A50,    0.00,     0.01,    -0.00,   -5.76,   -1.92,   16.11, 
23:00:49,0.01,0.00,[0]: ID: 00B48A50,    0.00,     0.01,    -0.00,   -4.32,  -11.92,    5.68, 
23:00:49,0.01,0.00,[0]: ID: 00B48A50,    0.00,     0.01,    -0.00,    4.30,   -3.33,   -8.21, 
23:00:49,0.01,0.00,[0]: ID: 00B48A50,    0.00,     0.01,    -0.00,    0.24,   -0.52,    0.15, 
23:00:49,0.01,0.00,[0]: ID: 00B48A50,    0.01,     0.01,     0.00,   12.65,   -0.68,   19.74, 
23:00:49,0.01,0.00,[0]: ID: 00B48A50,    0.01,     0.01,    -0.00,   -4.22,  -14.61,  -23.46, 
23:00:49,0.01,0.00,[0]: ID: 00B48A50,    0.00,     0.01,     0.00,  -14.19,   -2.42,    7.47, 
23:00:49,0.01,0.00,[0]: ID: 00B48A50,    0.00,     0.01,    -0.00,    5.30,    7.24,   -5.66, 
23:00:49,0.01,0.00,[0]: ID: 00B48A50,    0.00,     0.01,    -0.00,   -5.90,    7.34,   -0.29, 
23:00:49,0.01,0.00,[0]: ID: 00B48A50,    0.00,     0.01,     0.00,   -5.16,    7.55,    5.83, 
23:00:49,0.01,0.00,[0]: ID: 00B48A50,    0.00,     0.01,    -0.00,   -5.21,    6.21,   -1.27, 
23:00:49,0.01,0.00,[0]: ID: 00B48A50,    0.00,     0.01,    -0.00,  -10.38,  -17.44,   -3.43, 
23:00:49,0.01,0.00,[0]: ID: 00B48A50,    0.01,     0.01,    -0.00,   42.52,    9.05,    4.79, 
23:00:49,0.01,0.00,[0]: ID: 00B48A50,    0.00,     0.01,    -0.00,   -0.40,   -0.11,   -0.56, 
23:00:49,0.02,0.00,[0]: ID: 00B48A50,    0.01,     0.01,    -0.00,    4.69,   -1.23,    3.66, 
23:00:49,0.02,0.00,[0]: ID: 00B48A50,    0.01,     0.01,    -0.00,    5.29,  -11.65,    5.21, 
23:00:49,0.02,0.00,[0]: ID: 00B48A50,    0.01,     0.01,    -0.00,   -4.62,   -1.90,    1.19, 
23:00:49,0.02,0.00,[0]: ID: 00B48A50,    0.00,     0.01,    -0.00,  -15.69,    5.83,   -6.79, 
23:00:49,0.02,0.00,[0]: ID: 00B48A50,    0.00,     0.01,    -0.00,    5.10,   -3.12,   -1.69, 
23:00:49,0.02,0.00,[0]: ID: 00B48A50,    0.00,     0.01,    -0.00,  -25.03,  -13.31,    8.09, 
23:00:49,0.02,0.00,[0]: ID: 00B48A50,    0.00,     0.01,    -0.00,   16.19,   -1.77,   -3.94, 
23:00:49,0.02,0.00,[0]: ID: 00B48A50,    0.00,     0.01,    -0.00,    4.93,   -2.28,   10.79, 
23:00:49,0.02,0.00,[0]: ID: 00B48A50,    0.00,     0.01,    -0.00,    4.48,   15.59,  -15.80, 
23:00:49,0.02,0.00,[0]: ID: 00B48A50,    0.00,     0.01,    -0.00,   -0.71,   -0.14,    0.24, 
23:00:49,0.02,0.00,[0]: ID: 00B48A50,    0.00,     0.01,    -0.00,   -4.35,    4.49,   -2.43, 
23:00:49,0.02,0.00,[0]: ID: 00B48A50,    0.00,     0.01,    -0.00,    3.89,   -9.15,    1.29, 
23:00:49,0.02,0.00,[0]: ID: 00B48A50,    0.00,     0.01,     0.00,    2.90,   -1.52,   13.02, 
23:00:49,0.02,0.00,[0]: ID: 00B48A50,    0.00,     0.01,     0.00,  -13.78,   -1.46,   20.40, 
23:00:49,0.02,0.00,[0]: ID: 00B48A50,    0.00,     0.01,     0.00,   20.05,    6.95,    3.49, 
23:00:49,0.02,0.00,[0]: ID: 00B48A50,    0.00,     0.01,     0.00,   -3.99,    3.78,  -22.16, 
23:00:49,0.02,0.00,[0]: ID: 00B48A50,    0.00,     0.01,     0.00,   -4.71,   -9.86,   14.29, 
23:00:49,0.02,0.00,[0]: ID: 00B48A50,    0.00,     0.01,     0.00,  -12.51,   -3.60,  -14.60, 
23:00:49,0.02,0.00,[0]: ID: 00B48A50,    0.00,     0.01,     0.00,    5.34,  -13.04,   -1.32, 
23:00:49,0.02,0.00,[0]: ID: 00B48A50,    0.01,     0.01,     0.01,    2.61,    2.94,    2.53, 
23:00:49,0.02,0.00,[0]: ID: 00B48A50,    0.01,     0.01,     0.01,    3.64,   -1.10,   13.00, 
23:00:49,0.02,0.00,[0]: ID: 00B48A50,    0.01,     0.01,     0.01,    4.32,  -11.20,   18.98, 
23:00:49,0.02,0.00,[0]: ID: 00B48A50,    0.01,     0.01,     0.01,  -13.24,  -13.42,  -14.55, 
23:00:49,0.02,0.00,[0]: ID: 00B48A50,    0.01,     0.01,     0.01,    4.02,   17.44,   -0.71, 
23:00:49,0.02,0.00,[0]: ID: 00B48A50,    0.01,     0.01,     0.01,    4.92,   -2.06,    6.78, 
23:00:49,0.02,0.00,[0]: ID: 00B48A50,    0.01,     0.01,     0.01,    6.62,   -1.87,   -4.44, 
23:00:49,0.02,0.00,[0]: ID: 00B48A50,    0.01,     0.01,     0.01,  -15.64,   -2.99,    1.98, 
23:00:49,0.02,0.00,[0]: ID: 00B48A50,    0.01,     0.01,     0.01,   -3.72,   -4.89,  -23.05, 
23:00:49,0.02,0.00,[0]: ID: 00B48A50,    0.01,     0.01,     0.01,  -14.33,   -2.29,    6.01, 
23:00:49,0.02,0.00,[0]: ID: 00B48A50,    0.01,     0.01,     0.01,   -0.29,    0.31,    0.33, 
23:00:49,0.02,0.00,[0]: ID: 00B48A50,    0.01,     0.01,     0.01,    4.57,   -9.72,    4.61, 
23:00:49,0.02,0.00,[0]: ID: 00B48A50,    0.01,     0.01,     0.01,   -3.80,  -12.60,   -0.97, 
23:00:49,0.02,0.00,[0]: ID: 00B48A50,    0.01,     0.01,     0.01,   14.35,    7.06,   -6.24, 
23:00:49,0.02,0.00,[0]: ID: 00B48A50,    0.01,     0.01,     0.01,   -4.69,    8.10,    2.26, 
23:00:49,0.02,0.00,[0]: ID: 00B48A50,    0.01,     0.01,     0.01,   -5.24,   17.11,    2.91, 
23:00:49,0.02,0.00,[0]: ID: 00B48A50,    0.01,     0.01,     0.01,   -4.71,   -0.98,   12.78, 
23:00:49,0.02,0.00,[0]: ID: 00B48A50,    0.01,     0.01,     0.01,    5.10,   -1.92,    6.51, 
23:00:49,0.02,0.00,[0]: ID: 00B48A50,    0.01,     0.01,     0.01,   -5.65,   -1.60,   13.30, 
23:00:49,0.02,0.00,[0]: ID: 00B48A50,    0.01,     0.01,     0.01,   -5.26,   16.16,   -5.67, 
23:00:49,0.02,0.00,[0]: ID: 00B48A50,    0.00,     0.01,     0.01,   -0.20,   -0.57,   -0.37, 
23:00:49,0.03,0.00,[0]: ID: 00B48A50,    0.01,     0.01,     0.01,    9.99,    4.82,   -3.93, 
23:00:49,0.03,0.00,[0]: ID: 00B48A50,    0.00,     0.01,     0.01,  -12.80,    5.45,  -14.19, 
23:00:49,0.03,0.00,[0]: ID: 00B48A50,    0.00,     0.01,     0.01,   -4.23,   -3.01,   -3.00, 
23:00:49,0.03,0.00,[0]: ID: 00B48A50,    0.00,     0.01,     0.01,   -4.57,   -4.20,  -16.28, 
23:00:49,0.03,0.00,[0]: ID: 00B48A50,    0.00,     0.01,     0.01,    4.55,   -1.29,   18.78, 
23:00:49,0.03,0.00,[0]: ID: 00B48A50,    0.00,     0.01,     0.01,    5.90,   -3.56,  -14.05, 
23:00:49,0.03,0.00,[0]: ID: 00B48A50,    0.00,     0.01,     0.01,   -5.15,   -1.30,   14.22, 
23:00:49,0.03,0.00,[0]: ID: 00B48A50,    0.00,     0.01,     0.01,  -35.98,   15.69,    2.77, 
23:00:49,0.03,0.00,[0]: ID: 00B48A50,    0.00,     0.01,     0.01,    7.05,  -22.80,  -10.15, 
23:00:49,0.03,0.00,[0]: ID: 00B48A50,    0.00,     0.01,     0.01,   -0.17,    0.20,   -0.20, 
23:00:49,0.03,0.00,[0]: ID: 00B48A50,    0.00,     0.01,     0.01,   -2.99,   -9.09,   -2.84, 
23:00:49,0.03,0.00,[0]: ID: 00B48A50,    0.00,     0.01,     0.01,    4.42,   -2.18,    4.48, 
23:00:49,0.03,0.00,[0]: ID: 00B48A50,    0.00,     0.01,     0.01,  -14.94,   15.97,   -4.69, 
23:00:49,0.03,0.00,[0]: ID: 00B48A50,   -0.00,     0.01,     0.01,  -14.16,  -13.16,   -6.14, 
23:00:49,0.03,0.00,[0]: ID: 00B48A50,    0.00,     0.01,     0.01,   19.75,   23.10,    3.21, 
23:00:49,0.03,0.00,[0]: ID: 00B48A50,   -0.00,     0.01,     0.00,  -26.55,  -19.67,  -11.69, 
23:00:49,0.03,0.00,[0]: ID: 00B48A50,    0.00,     0.01,     0.00,   21.29,  -18.07,  -10.90, 
23:00:49,0.03,0.00,[0]: ID: 00B48A50,   -0.00,     0.01,     0.00,  -11.97,   13.52,   -5.01, 
23:00:49,0.03,0.00,[0]: ID: 00B48A50,    0.00,     0.01,     0.00,   11.13,   -1.23,   14.59, 
23:00:49,0.03,0.00,[0]: ID: 00B48A50,    0.00,     0.01,     0.00,    0.24,   -0.08,    0.29, 
23:00:49,0.03,0.00,[0]: ID: 00B48A50,    0.00,     0.01,     0.00,   -3.50,    4.80,  -12.95, 
23:00:49,0.03,0.00,[0]: ID: 00B48A50,    0.00,     0.01,     0.00,   14.12,    6.85,   -5.58, 
23:00:49,0.03,0.00,[0]: ID: 00B48A50,    0.00,     0.01,     0.00,    4.68,    7.51,    9.96, 
23:00:49,0.03,0.00,[0]: ID: 00B48A50,    0.00,     0.01,     0.00,   -5.26,  -11.20,   15.98, 
23:00:49,0.03,0.00,[0]: ID: 00B48A50,    0.00,     0.01,     0.00,   -5.37,   25.68,   -4.02, 
23:00:49,0.03,0.00,[0]: ID: 00B48A50,    0.00,     0.01,     0.00,   24.55,   -2.80,   -2.73, 
23:00:49,0.03,0.00,[0]: ID: 00B48A50,    0.00,     0.01,     0.00,    5.05,   -1.94,    4.96, 
23:00:49,0.03,0.00,[0]: ID: 00B48A50,    0.01,     0.01,     0.01,   13.96,  -12.17,    5.61, 
23:00:49,0.03,0.00,[0]: ID: 00B48A50,    0.01,     0.01,     0.01,    3.57,   -3.12,    8.36, 
23:00:49,0.03,0.00,[0]: ID: 00B48A50,    0.00,     0.01,     0.01,   -0.66,    0.26,    0.20, 
23:00:49,0.04,0.00,[0]: ID: 00B48A50,    0.00,     0.01,     0.01,   -4.09,   -2.84,   -4.33, 
23:00:49,0.04,0.00,[0]: ID: 00B48A50,    0.00,     0.01,     0.01,   -3.40,  -12.22,   -2.87, 
23:00:49,0.04,0.00,[0]: ID: 00B48A50,    0.00,     0.01,     0.01,    6.37,  -21.21,   10.06, 
23:00:49,0.04,0.00,[0]: ID: 00B48A50,    0.00,     0.01,     0.01,    4.17,    7.43,    4.33, 
23:00:49,0.04,0.00,[0]: ID: 00B48A50,    0.00,     0.01,     0.01,    5.56,  -12.51,   -2.19, 
23:00:49,0.04,0.00,[0]: ID: 00B48A50,    0.01,     0.01,     0.01,    5.05,    8.06,    5.26, 
23:00:49,0.04,0.00,[0]: ID: 00B48A50,    0.01,     0.01,     0.01,    4.85,   -3.14,   -3.94, 
23:00:49,0.04,0.00,[0]: ID: 00B48A50,    0.00,     0.01,     0.01,   -6.16,    7.83,   16.60, 
23:00:49,0.04,0.00,[0]: ID: 00B48A50,    0.00,     0.01,     0.01,   -5.14,   -1.28,   14.63, 
23:00:49,0.04,0.00,[0]: ID: 00B48A50,    0.00,     0.01,     0.01,   -0.18,   -0.69,   -1.20, 
23:00:49,0.04,0.00,[0]: ID: 00B48A50,    0.00,     0.01,     0.01,  -10.92,   11.82,   15.43, 
23:00:49,0.04,0.00,[0]: ID: 00B48A50,    0.00,     0.01,     0.01,  -12.80,  -12.21,   -2.71, 
23:00:49,0.04,0.00,[0]: ID: 00B48A50,    0.00,     0.01,     0.01,   -4.47,    7.63,    4.95, 
23:00:49,0.04,0.00,[0]: ID: 00B48A50,    0.00,     0.01,     0.01,    4.54,   -2.15,    6.08, 
23:00:49,0.04,0.00,[0]: ID: 00B48A50,    0.00,     0.01,     0.01,   13.42,  -11.28,   17.58, 
23:00:49,0.04,0.00,[0]: ID: 00B48A50,    0.00,     0.01,     0.01,    4.48,   15.41,  -17.77, 
23:00:49,0.04,0.00,[0]: ID: 00B48A50,    0.00,     0.01,     0.01,   15.77,  -22.05,   -2.35, 
23:00:49,0.04,0.00,[0]: ID: 00B48A50,    0.00,     0.01,     0.01,  -15.76,   16.57,    6.88, 
23:00:49,0.04,0.00,[0]: ID: 00B48A50,    0.00,     0.01,     0.01,   -3.71,  -15.17,  -22.67, 
23:00:49,0.04,0.00,[0]: ID: 00B48A50,    0.00,     0.01,     0.01,   -0.26,    0.34,    0.12, 
23:00:49,0.04,0.00,[0]: ID: 00B48A50,    0.00,     0.01,     0.01,   12.00,  -10.44,    7.71, 
23:00:49,0.04,0.00,[0]: ID: 00B48A50,    0.00,     0.01,     0.01,    4.12,    7.44,    3.63, 
23:00:49,0.04,0.00,[0]: ID: 00B48A50,    0.00,     0.01,     0.01,    6.40,    7.65,    0.54, 
23:00:49,0.04,0.00,[0]: ID: 00B48A50,    0.00,     0.01,     0.01,  -24.55,   -3.23,    5.76, 
23:00:49,0.04,0.00,[0]: ID: 00B48A50,    0.00,     0.01,     0.01,   24.37,    8.45,    6.92, 
23:00:49,0.04,0.00,[0]: ID: 00B48A50,    0.00,     0.01,     0.01,  -14.08,   -4.26,  -18.14, 
23:00:49,0.04,0.00,[0]: ID: 00B48A50,    0.00,     0.01,     0.01,    5.29,   -1.54,    0.86, 
23:00:49,0.04,0.00,[0]: ID: 00B48A50,    0.00,     0.01,     0.01,  -13.84,  -13.21,   -3.15, 
23:00:49,0.04,0.00,[0]: ID: 00B48A50,    0.00,     0.01,     0.01,   -3.70,  -21.51,    7.12, 
23:00:49,0.04,0.00,[0]: ID: 00B48A50,    0.00,     0.01,     0.01,   -0.67,    0.65,   -0.24, 
23:00:49,0.04,0.00,[0]: ID: 00B48A50,   -0.00,     0.01,     0.01,  -11.82,   -2.73,   -3.98, 
23:00:49,0.04,0.00,[0]: ID: 00B48A50,   -0.00,     0.01,     0.01,    5.09,    5.70,  -13.27, 
23:00:49,0.04,0.00,[0]: ID: 00B48A50,    0.00,     0.01,     0.01,    4.54,    7.79,    4.46, 
23:00:49,0.04,0.00,[0]: ID: 00B48A50,    0.00,     0.01,     0.01,    6.47,   -3.25,  -14.78, 
23:00:49,0.05,0.00,[0]: ID: 00B48A50,    0.00,     0.01,     0.01,    1.29,    0.84,    1.09, 
23:00:49,0.05,0.00,[0]: ID: 00B48A50,    0.00,     0.01,     0.01,  -11.02,    4.14,   -5.19, 
23:00:49,0.05,0.00,[0]: ID: 00B48A50,    0.00,     0.01,     0.01,   23.21,    7.00,   -3.08, 
23:00:49,0.05,0.00,[0]: ID: 00B48A50,    0.00,     0.01,     0.01,   14.96,   -2.59,   -4.90, 
23:00:49,0.05,0.00,[0]: ID: 00B48A50,    0.00,     0.01,     0.01,    3.92,    8.29,   17.59, 
23:00:49,0.05,0.00,[0]: ID: 00B48A50,    0.01,     0.01,     0.01,    0.16,    1.00,   -0.23, 
23:00:49,0.05,0.00,[0]: ID: 00B48A50,    0.01,     0.01,     0.01,   11.20,  -14.05,   10.81, 
23:00:49,0.05,0.00,[0]: ID: 00B48A50,    0.01,     0.01,     0.01,    3.36,   13.98,    5.32, 
23:00:49,0.05,0.00,[0]: ID: 00B48A50,    0.01,     0.01,     0.01,   19.07,   -2.55,  -11.96, 
23:00:49,0.05,0.00,[0]: ID: 00B48A50,    0.01,     0.01,     0.01,  -27.52,  -19.62,   -1.62, 
23:00:49,0.05,0.00,[0]: ID: 00B48A50,    0.00,     0.01,     0.01,  -13.69,    7.88,    2.80, 
23:00:49,0.05,0.00,[0]: ID: 00B48A50,    0.00,     0.01,     0.01,   -4.57,    7.63,    8.22, 
23:00:49,0.05,0.00,[0]: ID: 00B48A50,    0.00,     0.01,     0.01,    4.37,   -1.31,   17.34, 
23:00:49,0.05,0.00,[0]: ID: 00B48A50,    0.01,     0.01,     0.01,    5.44,   17.32,   -7.48, 
23:00:49,0.05,0.00,[0]: ID: 00B48A50,    0.00,     0.01,     0.01,  -33.84,  -13.10,    6.42, 
23:00:49,0.05,0.00,[0]: ID: 00B48A50,    0.00,     0.01,     0.01,    1.11,   -0.09,    0.21, 
23:00:49,0.05,0.00,[0]: ID: 00B48A50,    0.00,     0.01,     0.01,   -3.62,  -10.24,   -0.30, 
23:00:49,0.05,0.00,[0]: ID: 00B48A50,    0.00,     0.01,     0.01,   -4.42,  -14.04,  -15.91, 
23:00:49,0.05,0.00,[0]: ID: 00B48A50,    0.00,     0.01,     0.01,    4.34,   -2.40,    4.35, 
23:00:49,0.05,0.00,[0]: ID: 00B48A50,    0.00,     0.01,     0.01,    5.07,   -1.84,    4.51, 
23:00:49,0.05,0.00,[0]: ID: 00B48A50,    0.00,     0.01,     0.01,   -4.64,    7.24,  -12.23, 
23:00:49,0.05,0.00,[0]: ID: 00B48A50,    0.00,     0.01,     0.01,   -8.27,   -7.88,   -2.69, 
23:00:49,0.05,0.00,[0]: ID: 00B48A50,    0.00,     0.01,     0.01,   -4.24,  -20.95,   -3.42, 
23:00:49,0.05,0.00,[0]: ID: 00B48A50,    0.00,     0.01,     0.01,   13.89,    8.94,   14.62, 
23:00:49,0.05,0.00,[0]: ID: 00B48A50,    0.00,     0.01,     0.01,   15.18,    7.63,   -6.49, 
23:00:49,0.05,0.00,[0]: ID: 00B48A50,    0.01,     0.01,     0.01,    0.65,   -0.06,    0.26, 
23:00:49,0.05,0.00,[0]: ID: 00B48A50,    0.01,     0.01,     0.01,    3.41,   -1.63,    3.56, 
23:00:49,0.05,0.00,[0]: ID: 00B48A50,    0.01,     0.01,     0.01,   -4.27,   -3.07,   -3.24, 
23:00:49,0.05,0.00,[0]: ID: 00B48A50,    0.01,     0.01,     0.01,   14.20,    8.87,   19.70, 
23:00:49,0.05,0.00,[0]: ID: 00B48A50,    0.01,     0.01,     0.01,  -14.87,    8.38,   15.76, 
23:00:49,0.05,0.00,[0]: ID: 00B48A50,    0.01,     0.01,     0.01,   14.55,   37.02,   -9.43, 
23:00:49,0.06,0.00,[0]: ID: 00B48A50,    0.01,     0.01,     0.01,    5.81,  -18.67,   -9.53, 
23:00:49,0.06,0.00,[0]: ID: 00B48A50,    0.01,     0.01,     0.01,   12.56,    8.07,   12.93, 
23:00:49,0.06,0.00,[0]: ID: 00B48A50,    0.01,     0.01,     0.01,    5.42,   -2.84,   -5.02, 
23:00:49,0.06,0.00,[0]: ID: 00B48A50,    0.01,     0.01,     0.01,    4.47,   -2.29,    5.70, 
23:00:49,0.06,0.00,[0]: ID: 00B48A50,    0.01,     0.02,    -0.00,   -0.40,    4.67,   -6.64, 
23:00:49,0.06,0.00,[0]: ID: 00B48A50,    0.01,     0.02,    -0.00,    4.61,   -2.22,   -4.80, 
23:00:49,0.06,0.00,[0]: ID: 00B48A50,    0.01,     0.02,    -0.00,   14.53,  -12.70,   -3.17, 
23:00:49,0.06,0.00,[0]: ID: 00B48A50,    0.01,     0.02,    -0.00,   -5.20,   15.92,   -4.76, 
23:00:49,0.06,0.00,[0]: ID: 00B48A50,    0.01,     0.02,    -0.00,   14.60,    6.99,   -2.22, 
23:00:49,0.06,0.00,[0]: ID: 00B48A50,    0.01,     0.02,    -0.00,    6.21,  -20.67,    7.89, 
23:00:49,0.06,0.00,[0]: ID: 00B48A50,    0.01,     0.02,    -0.00,    5.64,  -13.33,  -11.36, 
23:00:49,0.06,0.00,[0]: ID: 00B48A50,    0.01,     0.02,    -0.00,  -13.53,   -4.12,  -14.52, 
23:00:49,0.06,0.00,[0]: ID: 00B48A50,    0.01,     0.02,    -0.00,    3.39,    6.99,    4.06, 
23:00:49,0.06,0.00,[0]: ID: 00B48A50,    0.01,     0.02,    -0.00,    6.33,   16.54,  -14.83, 
23:00:49,0.06,0.00,[0]: ID: 00B48A50,    0.01,     0.02,    -0.00,    0.21,   -0.53,    0.04, 
23:00:49,0.06,0.00,[0]: ID: 00B48A50,    0.01,     0.02,    -0.00,    4.70,   -9.82,    6.98, 
23:00:49,0.06,0.00,[0]: ID: 00B48A50,    0.01,     0.02,    -0.00,    4.89,   18.06,    1.48, 
23:00:49,0.06,0.00,[0]: ID: 00B48A50,    0.01,     0.02,    -0.01,   -3.07,  -14.44,  -22.54, 
23:00:49,0.06,0.00,[0]: ID: 00B48A50,    0.01,     0.02,    -0.01,   -4.00,    6.73,   -1.16, 
23:00:49,0.06,0.00,[0]: ID: 00B48A50,    0.01,     0.02,    -0.00,   -3.85,  -11.69,   10.25, 
23:00:49,0.06,0.00,[0]: ID: 00B48A50,    0.01,     0.02,    -0.00,   -5.92,   17.02,    3.51, 
23:00:49,0.06,0.00,[0]: ID: 00B48A50,    0.01,     0.02,    -0.00,   15.57,    7.70,   -3.98, 
23:00:49,0.06,0.00,[0]: ID: 00B48A50,    0.01,     0.02,    -0.00,    4.79,   -1.92,    4.19, 
23:00:49,0.06,0.00,[0]: ID: 00B48A50,    0.01,     0.02,    -0.00,   -5.95,   -1.60,   12.06, 
23:00:49,0.06,0.00,[0]: ID: 00B48A50,    0.01,     0.02,    -0.00,   -0.11,   -0.33,   -0.14, 
23:00:49,0.06,0.00,[0]: ID: 00B48A50,    0.01,     0.02,    -0.01,  -13.13,   -4.25,  -15.38, 
23:00:49,0.06,0.00,[0]: ID: 00B48A50,    0.01,     0.02,    -0.01,   -4.29,  -14.30,  -12.03, 
23:00:49,0.06,0.00,[0]: ID: 00B48A50,    0.01,     0.02,    -0.01,   14.52,    8.26,    4.89, 
23:00:49,0.06,0.00,[0]: ID: 00B48A50,    0.01,     0.02,    -0.01,  -15.54,  -13.29,    7.46, 
23:00:49,0.06,0.00,[0]: ID: 00B48A50,    0.01,     0.02,    -0.00,   15.28,    8.59,    7.11, 
23:00:49,0.06,0.00,[0]: ID: 00B48A50,    0.01,     0.02,    -0.01,   14.90,    6.41,  -16.19, 
23:00:49,0.06,0.00,[0]: ID: 00B48A50,    0.01,     0.02,    -0.01,  -28.35,    5.62,    1.59, 
23:00:49,0.07,0.00,[0]: ID: 00B48A50,    0.01,     0.02,    -0.01,   22.24,   -1.23,    8.44, 
23:00:49,0.07,0.00,[0]: ID: 00B48A50,    0.01,     0.02,    -0.00,  -13.24,   -2.59,    5.68, 
23:00:49,0.07,0.00,[0]: ID: 00B48A50,    0.01,     0.02,    -0.00,    0.20,   -0.43,    0.31, 
23:00:49,0.07,0.00,[0]: ID: 00B48A50,    0.01,     0.02,    -0.00,  -13.11,    5.31,   -6.52, 
23:00:49,0.07,0.00,[0]: ID: 00B48A50,    0.01,     0.02,    -0.01,   -4.84,   15.96,   -6.43, 
23:00:49,0.07,0.00,[0]: ID: 00B48A50,    0.01,     0.02,    -0.01,   10.55,   -2.99,   -9.36, 
23:00:49,0.07,0.00,[0]: ID: 00B48A50,    0.01,     0.02,    -0.01,    4.71,    7.63,    5.16, 
23:00:49,0.07,0.01,[0]: ID: 00B48A50,    0.01,     0.02,    -0.01,    0.05,   -0.10,    0.06, 
23:00:49,0.08,0.02,[0]: ID: 00B48A50,    0.01,     0.02,    -0.01,   -0.08,   -0.02,   -0.07, 
23:00:49,0.09,0.02,[0]: ID: 00B48A50,    0.01,     0.02,    -0.01,   -0.03,    0.05,    0.08, 
23:00:49,0.11,0.02,[0]: ID: 00B48A50,    0.01,     0.02,    -0.00,    0.03,   -0.01,    0.04, 
23:00:49,0.12,0.02,[0]: ID: 00B48A50,    0.01,     0.02,    -0.00,   -0.09,   -0.01,    0.08, 
23:00:49,0.14,0.02,[0]: ID: 00B48A50,    0.01,     0.02,    -0.00,    0.02,   -0.01,    0.04, 
23:00:49,0.16,0.01,[0]: ID: 00B48A50,    0.01,     0.02,    -0.00,    0.04,   -0.08,   -0.03, 
23:00:49,0.17,0.03,[0]: ID: 00B48A50,    0.01,     0.02,    -0.00,    0.01,    0.05,    0.00, 
23:00:49,0.20,0.02,[0]: ID: 00B48A50,    0.01,     0.02,    -0.00,    0.03,   -0.06,    0.04, 
23:00:49,0.22,0.02,[0]: ID: 00B48A50,    0.01,     0.02,    -0.00,   -0.02,   -0.08,   -0.11, 
23:00:49,0.23,0.02,[0]: ID: 00B48A50,    0.01,     0.02,    -0.00,    0.09,    0.04,   -0.01, 
23:00:49,0.25,0.02,[0]: ID: 00B48A50,    0.01,     0.02,    -0.01,   -0.09,    0.03,   -0.05, 
23:00:49,0.27,0.02,[0]: ID: 00B48A50,    0.01,     0.02,    -0.01,   -0.08,   -0.02,   -0.03, 
23:00:49,0.28,0.02,[0]: ID: 00B48A50,    0.01,     0.02,    -0.01,    0.04,   -0.07,   -0.01, 
23:00:49,0.30,0.02,[0]: ID: 00B48A50,    0.01,     0.02,    -0.01,   -0.03,    0.04,    0.01, 
23:00:49,0.31,0.02,[0]: ID: 00B48A50,    0.01,     0.02,    -0.01,    0.03,    0.03,   -0.07, 
23:00:49,0.33,0.01,[0]: ID: 00B48A50,    0.01,     0.02,    -0.01,    0.09,   -0.00,    0.11, 
23:00:49,0.35,0.02,[0]: ID: 00B48A50,    0.01,     0.02,    -0.01,   -0.02,    0.04,   -0.02, 
23:00:49,0.36,0.02,[0]: ID: 00B48A50,    0.01,     0.02,    -0.00,   -0.03,   -0.06,    0.10, 
23:00:49,0.38,0.02,[0]: ID: 00B48A50,    0.01,     0.01,    -0.00,   -0.08,   -0.07,    0.02, 
23:00:49,0.39,0.02,[0]: ID: 00B48A50,    0.01,     0.01,    -0.00,   -0.03,   -0.01,    0.08, 
23:00:49,0.41,0.02,[0]: ID: 00B48A50,    0.01,     0.02,    -0.00,    0.02,    0.04,    0.04, 
23:00:49,0.43,0.02,[0]: ID: 00B48A50,    0.01,     0.01,    -0.00,    0.03,   -0.07,    0.00, 
23:00:49,0.44,0.02,[0]: ID: 00B48A50,    0.01,     0.01,    -0.00,    0.13,    0.03,   -0.11, 
23:00:49,0.46,0.02,[0]: ID: 00B48A50,    0.01,     0.02,    -0.01,   -0.08,    0.03,   -0.11, 
23:00:49,0.47,0.02,[0]: ID: 00B48A50,    0.01,     0.01,    -0.00,   -0.03,   -0.05,    0.16, 
23:00:49,0.49,0.01,[0]: ID: 00B48A50,    0.01,     0.01,    -0.00,    0.04,   -0.02,   -0.07, 
23:00:49,0.51,0.02,[0]: ID: 00B48A50,    0.01,     0.01,    -0.00,   -0.02,   -0.02,   -0.01, 
23:00:49,0.52,0.03,[0]: ID: 00B48A50,    0.01,     0.01,    -0.00,   -0.01,    0.02,    0.01, 
23:00:49,0.55,0.02,[0]: ID: 00B48A50,    0.01,     0.01,    -0.00,    0.02,   -0.06,    0.09, 
23:00:49,0.57,0.02,[0]: ID: 00B48A50,    0.01,     0.01,    -0.00,    0.14,    0.04,   -0.06, 
23:00:49,0.59,0.02,[0]: ID: 00B48A50,    0.02,     0.01,    -0.00,    0.08,    0.04,   -0.01, 
23:00:49,0.60,0.02,[0]: ID: 00B48A50,    0.01,     0.02,    -0.00,   -0.18,    0.04,    0.04, 
23:00:49,0.62,0.02,[0]: ID: 00B48A50,    0.01,     0.01,    -0.00,   -0.02,   -0.07,   -0.03, 
23:00:49,0.63,0.02,[0]: ID: 00B48A50,    0.01,     0.01,    -0.00,    0.14,   -0.01,    0.05, 
23:00:49,0.65,0.02,[0]: ID: 00B48A50,    0.02,     0.02,    -0.00,    0.02,    0.08,   -0.02, 
23:00:49,0.67,0.01,[0]: ID: 00B48A50,    0.01,     0.02,    -0.00,   -0.03,   -0.01,    0.03, 
23:00:49,0.68,0.02,[0]: ID: 00B48A50,    0.01,     0.02,    -0.00,   -0.03,   -0.02,   -0.01, 
23:00:49,0.70,0.02,[0]: ID: 00B48A50,    0.02,     0.02,    -0.00,    0.08,    0.04,   -0.03, 
23:00:49,0.71,0.02,[0]: ID: 00B48A50,    0.02,     0.02,    -0.00,   -0.02,   -0.02,   -0.04, 
23:00:49,0.73,0.02,[0]: ID: 00B48A50,    0.01,     0.02,    -0.00,   -0.03,    0.09,   -0.05, 
23:00:49,0.75,0.02,[0]: ID: 00B48A50,    0.02,     0.02,    -0.01,    0.08,    0.04,   -0.04, 
23:00:49,0.76,0.02,[0]: ID: 00B48A50,    0.01,     0.02,    -0.01,   -0.12,   -0.08,   -0.13, 
23:00:49,0.78,0.02,[0]: ID: 00B48A50,    0.02,     0.01,    -0.01,    0.08,   -0.11,    0.13, 
23:00:49,0.79,0.02,[0]: ID: 00B48A50,    0.01,     0.02,    -0.01,   -0.08,    0.03,   -0.08, 
23:00:50,0.81,0.02,[0]: ID: 00B48A50,    0.01,     0.01,    -0.01,    0.03,   -0.01,   -0.02, 
23:00:50,0.83,0.01,[0]: ID: 00B48A50,    0.01,     0.02,    -0.01,   -0.03,    0.11,    0.01, 
23:00:50,0.84,0.02,[0]: ID: 00B48A50,    0.01,     0.02,    -0.01,   -0.03,   -0.06,    0.07, 
23:00:50,0.86,0.02,[0]: ID: 00B48A50,    0.01,     0.02,    -0.01,   -0.02,    0.08,   -0.15, 
23:00:50,0.87,0.02,[0]: ID: 00B48A50,    0.01,     0.01,    -0.01,    0.02,   -0.12,    0.05, 
23:00:50,0.89,0.02,[0]: ID: 00B48A50,    0.01,     0.02,    -0.01,   -0.08,    0.10,    0.01, 
23:00:50,0.91,0.02,[0]: ID: 00B48A50,    0.01,     0.02,    -0.01,    0.08,   -0.07,   -0.02, 
23:00:50,0.92,0.02,[0]: ID: 00B48A50,    0.01,     0.02,    -0.01,   -0.03,    0.04,    0.02, 
23:00:50,0.94,0.03,[0]: ID: 00B48A50,    0.01,     0.02,    -0.01,   -0.01,   -0.01,   -0.04, 
23:00:50,0.97,0.02,[0]: ID: 00B48A50,    0.01,     0.02,    -0.01,   -0.02,   -0.02,   -0.02, 
23:00:50,0.99,0.02,[0]: ID: 00B48A50,    0.01,     0.02,    -0.01,    0.02,    0.04,    0.01, 
23:00:50,1.00,0.01,[0]: ID: 00B48A50,    0.01,     0.02,    -0.01,   -0.02,   -0.01,   -0.04, 
23:00:50,1.02,0.01,[0]: ID: 00B48A50,    0.01,     0.01,    -0.01,   -0.02,   -0.08,   -0.02, 
23:00:50,1.03,0.02,[0]: ID: 00B48A50,    0.01,     0.02,    -0.01,    0.03,    0.10,    0.00, 
23:00:50,1.05,0.02,[0]: ID: 00B48A50,    0.01,     0.02,    -0.01,    0.02,   -0.07,    0.02, 
23:00:50,1.06,0.02,[0]: ID: 00B48A50,    0.01,     0.02,    -0.01,    0.03,    0.10,    0.03, 
23:00:50,1.08,0.02,[0]: ID: 00B48A50,    0.01,     0.02,    -0.01,   -0.02,    0.04,   -0.09, 
23:00:50,1.10,0.02,[0]: ID: 00B48A50,    0.01,     0.02,    -0.01,    0.03,   -0.06,    0.05, 
23:00:50,1.11,0.02,[0]: ID: 00B48A50,    0.01,     0.02,    -0.01,    0.03,   -0.06,    0.11, 
23:00:50,1.13,0.02,[0]: ID: 00B48A50,    0.01,     0.02,    -0.01,   -0.02,   -0.02,   -0.03, 
23:00:50,1.14,0.02,[0]: ID: 00B48A50,    0.01,     0.01,    -0.01,    0.03,   -0.02,   -0.07, 
23:00:50,1.16,0.01,[0]: ID: 00B48A50,    0.01,     0.01,    -0.01,   -0.09,   -0.14,    0.03, 
23:00:50,1.18,0.02,[0]: ID: 00B48A50,    0.01,     0.01,    -0.01,   -0.02,   -0.08,   -0.11, 
23:00:50,1.19,0.02,[0]: ID: 00B48A50,    0.01,     0.01,    -0.01,    0.08,   -0.01,    0.03, 
23:00:50,1.21,0.02,[0]: ID: 00B48A50,    0.01,     0.01,    -0.01,    0.03,   -0.01,    0.04, 
23:00:50,1.22,0.02,[0]: ID: 00B48A50,    0.01,     0.01,    -0.01,    0.02,   -0.01,    0.03, 
23:00:50,1.24,0.02,[0]: ID: 00B48A50,    0.01,     0.01,    -0.01,   -0.02,    0.04,   -0.05, 
23:00:50,1.26,0.02,[0]: ID: 00B48A50,    0.01,     0.01,    -0.01,   -0.02,    0.11,    0.08, 
23:00:50,1.27,0.02,[0]: ID: 00B48A50,    0.02,     0.01,    -0.01,    0.09,    0.06,    0.12, 
23:00:50,1.29,0.03,[0]: ID: 00B48A50,    0.02,     0.01,    -0.01,    0.02,   -0.01,   -0.04, 
23:00:50,1.32,0.02,[0]: ID: 00B48A50,    0.02,     0.01,    -0.01,    0.03,    0.03,   -0.06, 
23:00:50,1.34,0.01,[0]: ID: 00B48A50,    0.02,     0.01,    -0.01,    0.03,   -0.08,    0.06, 
23:00:50,1.35,0.02,[0]: ID: 00B48A50,    0.02,     0.01,    -0.01,    0.03,    0.04,   -0.04, 
23:00:50,1.37,0.02,[0]: ID: 00B48A50,    0.02,     0.01,    -0.01,    0.03,    0.05,    0.02, 
23:00:50,1.38,0.02,[0]: ID: 00B48A50,    0.02,     0.01,    -0.01,   -0.07,   -0.07,   -0.01, 
23:00:50,1.40,0.02,[0]: ID: 00B48A50,    0.02,     0.01,    -0.01,   -0.08,    0.03,   -0.09, 
23:00:50,1.41,0.02,[0]: ID: 00B48A50,    0.02,     0.02,    -0.01,    0.02,    0.09,    0.02, 
23:00:50,1.43,0.02,[0]: ID: 00B48A50,    0.02,     0.02,    -0.01,   -0.03,    0.02,   -0.16, 
23:00:50,1.45,0.02,[0]: ID: 00B48A50,    0.02,     0.02,    -0.01,    0.03,   -0.06,    0.02, 
23:00:50,1.46,0.02,[0]: ID: 00B48A50,    0.02,     0.01,    -0.01,   -0.03,   -0.02,   -0.02, 
23:00:50,1.48,0.02,[0]: ID: 00B48A50,    0.02,     0.03,    -0.00,   -0.01,    0.64,    0.43, 
23:00:50,1.50,0.01,[0]: ID: 00B48A50,    0.01,     0.03,    -0.00,   -0.09,    0.04,   -0.01, 
23:00:50,1.51,0.02,[0]: ID: 00B48A50,    0.02,     0.03,    -0.00,    0.09,   -0.00,    0.02, 
23:00:50,1.53,0.02,[0]: ID: 00B48A50,    0.01,     0.03,    -0.01,   -0.08,    0.03,   -0.08, 
23:00:50,1.54,0.02,[0]: ID: 00B48A50,    0.01,     0.03,    -0.01,   -0.02,    0.04,   -0.02, 
23:00:50,1.56,0.02,[0]: ID: 00B48A50,    0.01,     0.03,    -0.01,   -0.07,   -0.02,   -0.09, 
23:00:50,1.57,0.02,[0]: ID: 00B48A50,    0.01,     0.03,    -0.01,    0.14,   -0.01,    0.04, 
23:00:50,1.59,0.02,[0]: ID: 00B48A50,    0.01,     0.03,    -0.01,   -0.02,    0.04,   -0.02, 
23:00:50,1.61,0.02,[0]: ID: 00B48A50,    0.01,     0.03,    -0.01,   -0.02,   -0.06,    0.04, 
23:00:50,1.62,0.03,[0]: ID: 00B48A50,    0.01,     0.03,    -0.01,   -0.01,   -0.00,    0.01, 
23:00:50,1.65,0.02,[0]: ID: 00B48A50,    0.01,     0.03,    -0.00,   -0.03,    0.04,    0.09, 
23:00:50,1.67,0.01,[0]: ID: 00B48A50,    0.01,     0.03,    -0.01,   -0.02,   -0.02,   -0.03, 
23:00:50,1.68,0.02,[0]: ID: 00B48A50,    0.01,     0.03,    -0.01,   -0.02,    0.03,   -0.15, 
23:00:50,1.70,0.02,[0]: ID: 00B48A50,    0.01,     0.03,    -0.01,   -0.03,    0.05,    0.08, 
23:00:50,1.72,0.02,[0]: ID: 00B48A50,    0.01,     0.03,    -0.01,   -0.14,    0.04,   -0.04, 
23:00:50,1.73,0.01,[0]: ID: 00B48A50,    0.01,     0.03,    -0.01,    0.09,   -0.01,    0.04, 
23:00:50,1.75,0.02,[0]: ID: 00B48A50,    0.01,     0.03,    -0.00,    0.02,   -0.07,    0.08, 
23:00:50,1.76,0.02,[0]: ID: 00B48A50,    0.01,     0.03,    -0.01,    0.03,    0.04,   -0.03, 
23:00:50,1.78,0.02,[0]: ID: 00B48A50,    0.01,     0.03,    -0.01,    0.08,   -0.06,    0.03, 
23:00:50,1.79,0.02,[0]: ID: 00B48A50,    0.01,     0.03,    -0.00,   -0.08,    0.05,    0.03, 
23:00:51,1.81,0.02,[0]: ID: 00B48A50,    0.01,     0.03,    -0.00,   -0.02,   -0.06,   -0.02, 
23:00:51,1.83,0.01,[0]: ID: 00B48A50,    0.01,     0.03,    -0.01,    0.10,   -0.07,   -0.03, 
23:00:51,1.84,0.02,[0]: ID: 00B48A50,    0.01,     0.03,    -0.00,   -0.02,   -0.06,    0.02, 
23:00:51,1.86,0.02,[0]: ID: 00B48A50,    0.01,     0.02,    -0.00,    0.03,   -0.06,    0.06, 
23:00:51,1.87,0.02,[0]: ID: 00B48A50,    0.01,     0.03,    -0.00,    0.02,    0.05,    0.07, 
23:00:51,1.89,0.02,[0]: ID: 00B48A50,    0.01,     0.03,    -0.00,   -0.08,    0.03,   -0.07, 
23:00:51,1.90,0.02,[0]: ID: 00B48A50,    0.01,     0.02,    -0.01,    0.04,   -0.13,   -0.07, 
23:00:51,1.92,0.03,[0]: ID: 00B48A50,    0.02,     0.02,    -0.00,    0.07,   -0.03,    0.01, 
23:00:51,1.95,0.02,[0]: ID: 00B48A50,    0.01,     0.02,    -0.01,   -0.02,    0.03,   -0.14, 
23:00:51,1.97,0.02,[0]: ID: 00B48A50,    0.02,     0.02,    -0.01,    0.02,    0.10,    0.03, 
23:00:51,1.98,0.02,[0]: ID: 00B48A50,    0.02,     0.02,    -0.01,    0.03,   -0.01,    0.04, 
23:00:51,2.00,0.01,[0]: ID: 00B48A50,    0.01,     0.02,    -0.01,   -0.09,   -0.02,   -0.04, 
23:00:51,2.02,0.01,[0]: ID: 00B48A50,    0.01,     0.02,    -0.01,   -0.15,   -0.02,    0.02, 
23:00:51,2.03,0.01,[0]: ID: 00B48A50,    0.01,     0.03,    -0.01,    0.03,    0.10,   -0.09, 
23:00:51,2.05,0.02,[0]: ID: 00B48A50,    0.01,     0.03,    -0.01,    0.03,   -0.01,    0.02, 
23:00:51,2.06,0.01,[0]: ID: 00B48A50,    0.01,     0.03,    -0.01,   -0.03,   -0.02,   -0.01, 
23:00:51,2.08,0.02,[0]: ID: 00B48A50,    0.01,     0.03,    -0.01,    0.09,    0.04,   -0.01, 
23:00:51,2.09,0.01,[0]: ID: 00B48A50,    0.01,     0.02,    -0.01,    0.03,   -0.13,    0.05, 
23:00:51,2.11,0.01,[0]: ID: 00B48A50,    0.01,     0.03,    -0.01,   -0.15,    0.10,    0.02, 
23:00:51,2.12,0.03,[0]: ID: 00B48A50,    0.01,     0.03,    -0.01,   -0.01,   -0.01,    0.01, 
23:00:51,2.15,0.02,[0]: ID: 00B48A50,    0.01,     0.02,    -0.01,    0.03,   -0.02,   -0.08, 
23:00:51,2.17,0.01,[0]: ID: 00B48A50,    0.01,     0.02,    -0.01,    0.10,   -0.01,   -0.03, 
23:00:51,2.18,0.01,[0]: ID: 00B48A50,    0.01,     0.02,    -0.01,    0.04,   -0.02,   -0.09, 
23:00:51,2.20,0.02,[0]: ID: 00B48A50,    0.01,     0.02,    -0.01,   -0.03,   -0.01,    0.10, 
23:00:51,2.21,0.02,[0]: ID: 00B48A50,    0.01,     0.03,    -0.01,    0.02,    0.10,    0.00, 
23:00:51,2.23,0.02,[0]: ID: 00B48A50,    0.01,     0.03,    -0.01,   -0.03,    0.05,    0.08, 
23:00:51,2.24,0.02,[0]: ID: 00B48A50,    0.01,     0.03,    -0.01,    0.04,   -0.07,   -0.02, 
23:00:51,2.26,0.02,[0]: ID: 00B48A50,    0.02,     0.03,    -0.01,    0.09,   -0.01,   -0.02, 
23:00:51,2.28,0.02,[0]: ID: 00B48A50,    0.01,     0.03,    -0.01,   -0.13,    0.03,   -0.08, 
23:00:51,2.29,0.02,[0]: ID: 00B48A50,    0.01,     0.03,    -0.01,   -0.03,   -0.01,    0.06, 
23:00:51,2.31,0.02,[0]: ID: 00B48A50,    0.01,     0.03,    -0.01,    0.07,    0.14,    0.01, 
23:00:51,2.33,0.01,[0]: ID: 00B48A50,    0.01,     0.03,    -0.01,   -0.03,   -0.00,    0.08, 
23:00:51,2.34,0.02,[0]: ID: 00B48A50,    0.02,     0.03,    -0.01,    0.10,   -0.08,   -0.13, 
23:00:51,2.36,0.02,[0]: ID: 00B48A50,    0.02,     0.03,    -0.01,   -0.03,    0.05,    0.11, 
23:00:51,2.37,0.02,[0]: ID: 00B48A50,    0.02,     0.03,    -0.01,    0.08,    0.04,   -0.02, 
23:00:51,2.39,0.03,[0]: ID: 00B48A50,    0.02,     0.03,    -0.01,   -0.02,   -0.00,    0.04, 
23:00:51,2.42,0.02,[0]: ID: 00B48A50,    0.02,     0.03,    -0.00,    0.03,   -0.07,    0.04, 
23:00:51,2.44,0.02,[0]: ID: 00B48A50,    0.02,     0.03,    -0.01,    0.03,    0.04,   -0.04, 
23:00:51,2.45,0.02,[0]: ID: 00B48A50,    0.02,     0.03,    -0.00,    0.09,    0.05,    0.02, 
23:00:51,2.47,0.02,[0]: ID: 00B48A50,    0.02,     0.03,    -0.01,   -0.02,   -0.02,   -0.02, 
23:00:51,2.48,0.02,[0]: ID: 00B48A50,    0.02,     0.03,    -0.01,   -0.07,   -0.02,   -0.08, 
23:00:51,2.50,0.01,[0]: ID: 00B48A50,    0.02,     0.03,    -0.01,    0.03,   -0.13,    0.04, 
23:00:51,2.52,0.02,[0]: ID: 00B48A50,    0.02,     0.03,    -0.01,    0.02,    0.04,   -0.04, 
23:00:51,2.53,0.02,[0]: ID: 00B48A50,    0.02,     0.03,    -0.00,   -0.04,   -0.00,    0.14, 
23:00:51,2.55,0.02,[0]: ID: 00B48A50,    0.02,     0.03,    -0.01,   -0.07,   -0.08,   -0.14, 
23:00:51,2.56,0.02,[0]: ID: 00B48A50,    0.02,     0.03,    -0.01,    0.03,    0.04,   -0.09, 
23:00:51,2.58,0.02,[0]: ID: 00B48A50,    0.02,     0.03,    -0.01,   -0.03,   -0.01,    0.03, 
23:00:51,2.60,0.02,[0]: ID: 00B48A50,    0.02,     0.03,    -0.01,    0.13,    0.05,    0.04, 
23:00:51,2.61,0.02,[0]: ID: 00B48A50,    0.02,     0.03,    -0.01,    0.03,    0.09,   -0.10, 
23:00:51,2.63,0.02,[0]: ID: 00B48A50,    0.02,     0.03,    -0.01,    0.09,   -0.07,   -0.01, 
23:00:51,2.64,0.02,[0]: ID: 00B48A50,    0.02,     0.03,    -0.01,   -0.02,   -0.01,    0.03, 
23:00:51,2.66,0.01,[0]: ID: 00B48A50,    0.02,     0.03,    -0.01,    0.03,   -0.01,    0.02, 
23:00:51,2.68,0.02,[0]: ID: 00B48A50,    0.02,     0.03,    -0.01,   -0.03,   -0.02,   -0.02, 
23:00:51,2.69,0.02,[0]: ID: 00B48A50,    0.02,     0.03,    -0.01,    0.03,    0.09,   -0.02, 
23:00:51,2.71,0.02,[0]: ID: 00B48A50,    0.02,     0.03,    -0.01,    0.14,    0.04,   -0.09, 
23:00:51,2.72,0.02,[0]: ID: 00B48A50,    0.02,     0.03,    -0.01,   -0.03,   -0.11,    0.09, 
23:00:51,2.74,0.02,[0]: ID: 00B48A50,    0.02,     0.03,    -0.01,   -0.02,   -0.07,    0.00, 
23:00:51,2.76,0.02,[0]: ID: 00B48A50,    0.02,     0.03,    -0.01,   -0.08,    0.09,   -0.10, 
23:00:51,2.77,0.03,[0]: ID: 00B48A50,    0.02,     0.03,    -0.01,    0.01,    0.02,    0.04, 
23:00:52,2.80,0.02,[0]: ID: 00B48A50,    0.02,     0.03,    -0.01,   -0.03,    0.04,    0.02, 
23:00:52,2.82,0.02,[0]: ID: 00B48A50,    0.02,     0.03,    -0.01,    0.03,   -0.07,   -0.06, 
23:00:52,2.84,0.01,[0]: ID: 00B48A50,    0.02,     0.03,    -0.01,    0.03,   -0.07,    0.05, 
23:00:52,2.85,0.02,[0]: ID: 00B48A50,    0.02,     0.03,    -0.01,    0.03,   -0.01,    0.03, 
23:00:52,2.87,0.02,[0]: ID: 00B48A50,    0.02,     0.03,    -0.01,   -0.02,   -0.03,   -0.15, 
23:00:52,2.88,0.02,[0]: ID: 00B48A50,    0.02,     0.02,    -0.01,    0.09,   -0.05,    0.10, 
23:00:52,2.90,0.02,[0]: ID: 00B48A50,    0.02,     0.02,    -0.01,   -0.02,    0.04,   -0.03, 
23:00:52,2.92,0.02,[0]: ID: 00B48A50,    0.02,     0.02,    -0.01,    0.03,   -0.01,    0.02, 
23:00:52,2.93,0.02,[0]: ID: 00B48A50,    0.02,     0.02,    -0.01,   -0.03,   -0.01,    0.04, 
23:00:52,2.95,0.02,[0]: ID: 00B48A50,    0.02,     0.03,    -0.01,    0.03,    0.03,   -0.08, 
23:00:52,2.96,0.02,[0]: ID: 00B48A50,    0.02,     0.02,    -0.01,    0.03,   -0.01,   -0.02, 
23:00:52,2.98,0.02,[0]: ID: 00B48A50,    0.02,     0.02,    -0.01,   -0.07,   -0.06,    0.04, 
23:00:52,3.00,0.01,[0]: ID: 00B48A50,    0.02,     0.03,    -0.01,   -0.03,    0.09,   -0.16, 
23:00:52,3.01,0.02,[0]: ID: 00B48A50,    0.02,     0.03,    -0.01,   -0.03,    0.05,    0.09, 
23:00:52,3.03,0.02,[0]: ID: 00B48A50,    0.02,     0.03,    -0.01,    0.02,   -0.01,    0.04, 
23:00:52,3.04,0.02,[0]: ID: 00B48A50,    0.02,     0.03,    -0.01,   -0.02,    0.03,   -0.06, 
23:00:52,3.06,0.02,[0]: ID: 00B48A50,    0.02,     0.03,    -0.01,    0.02,   -0.01,    0.03, 
23:00:52,3.07,0.01,[0]: ID: 00B48A50,    0.02,     0.03,    -0.01,   -0.08,   -0.02,   -0.00, 
23:00:52,3.09,0.02,[0]: ID: 00B48A50,    0.02,     0.03,    -0.01,   -0.02,    0.03,   -0.07, 
23:00:52,3.11,0.02,[0]: ID: 00B48A50,    0.02,     0.03,    -0.01,    0.09,   -0.02,   -0.06, 
23:00:52,3.12,0.02,[0]: ID: 00B48A50,    0.02,     0.03,    -0.01,   -0.08,    0.04,    0.05, 
23:00:52,3.14,0.03,[0]: ID: 00B48A50,    0.02,     0.03,    -0.01,   -0.01,    0.02,   -0.01, 
23:00:52,3.17,0.01,[0]: ID: 00B48A50,    0.02,     0.03,    -0.01,   -0.03,    0.05,   -0.04, 
23:00:52,3.19,0.02,[0]: ID: 00B48A50,    0.02,     0.03,    -0.01,    0.03,   -0.01,   -0.00, 
23:00:52,3.20,0.02,[0]: ID: 00B48A50,    0.02,     0.03,    -0.01,    0.03,   -0.01,   -0.03, 
23:00:52,3.22,0.02,[0]: ID: 00B48A50,    0.02,     0.03,    -0.02,   -0.02,   -0.03,   -0.12, 
23:00:52,3.23,0.02,[0]: ID: 00B48A50,    0.02,     0.03,    -0.01,    0.03,    0.05,    0.05, 
23:00:52,3.25,0.02,[0]: ID: 00B48A50,    0.02,     0.03,    -0.01,   -0.03,   -0.02,   -0.02, 
23:00:52,3.27,0.02,[0]: ID: 00B48A50,    0.02,     0.03,    -0.02,   -0.08,   -0.08,   -0.06, 
23:00:52,3.28,0.02,[0]: ID: 00B48A50,    0.02,     0.03,    -0.02,   -0.03,    0.04,   -0.03, 
23:00:52,3.30,0.02,[0]: ID: 00B48A50,    0.02,     0.03,    -0.02,   -0.02,   -0.07,    0.00, 
23:00:52,3.31,0.02,[0]: ID: 00B48A50,    0.02,     0.03,    -0.02,    0.02,    0.04,    0.01, 
23:00:52,3.33,0.01,[0]: ID: 00B48A50,    0.02,     0.03,    -0.02,    0.03,   -0.01,    0.04, 
23:00:52,3.35,0.02,[0]: ID: 00B48A50,    0.02,     0.03,    -0.02,   -0.02,   -0.02,   -0.08, 
23:00:52,3.36,0.02,[0]: ID: 00B48A50,    0.02,     0.03,    -0.02,   -0.03,    0.04,    0.04, 
23:00:52,3.38,0.02,[0]: ID: 00B48A50,    0.02,     0.03,    -0.01,   -0.03,   -0.00,    0.10, 
23:00:52,3.39,0.02,[0]: ID: 00B48A50,    0.02,     0.03,    -0.02,    0.03,   -0.08,   -0.08, 
23:00:52,3.41,0.02,[0]: ID: 00B48A50,    0.02,     0.03,    -0.02,    0.02,    0.21,    0.01, 
23:00:52,3.43,0.02,[0]: ID: 00B48A50,    0.02,     0.03,    -0.02,   -0.02,   -0.07,   -0.03, 
23:00:52,3.44,0.02,[0]: ID: 00B48A50,    0.02,     0.03,    -0.01,    0.08,    0.00,    0.15, 
23:00:52,3.46,0.02,[0]: ID: 00B48A50,    0.02,     0.03,    -0.01,   -0.02,   -0.01,    0.04, 
23:00:52,3.47,0.02,[0]: ID: 00B48A50,    0.02,     0.03,    -0.00,    0.11,    0.23,    0.50, 
23:00:52,3.49,0.01,[0]: ID: 00B48A50,    0.02,     0.03,    -0.00,    0.10,   -0.01,   -0.01, 
23:00:52,3.51,0.02,[0]: ID: 00B48A50,    0.02,     0.03,    -0.00,    0.04,   -0.07,   -0.07, 
23:00:52,3.52,0.02,[0]: ID: 00B48A50,    0.02,     0.03,    -0.00,   -0.03,   -0.01,    0.08, 
23:00:52,3.54,0.03,[0]: ID: 00B48A50,    0.02,     0.03,    -0.00,    0.01,   -0.00,    0.02, 
23:00:52,3.57,0.02,[0]: ID: 00B48A50,    0.02,     0.03,    -0.00,   -0.03,    0.04,   -0.03, 
23:00:52,3.59,0.02,[0]: ID: 00B48A50,    0.02,     0.03,    -0.00,    0.03,   -0.11,    0.17, 
23:00:52,3.60,0.02,[0]: ID: 00B48A50,    0.02,     0.03,     0.00,    0.08,    0.05,    0.07, 
23:00:52,3.62,0.02,[0]: ID: 00B48A50,    0.02,     0.03,     0.00,    0.03,   -0.02,   -0.02, 
23:00:52,3.63,0.02,[0]: ID: 00B48A50,    0.02,     0.03,    -0.00,   -0.02,    0.09,   -0.08, 
23:00:52,3.65,0.02,[0]: ID: 00B48A50,    0.02,     0.03,    -0.00,   -0.03,    0.03,   -0.03, 
23:00:52,3.67,0.01,[0]: ID: 00B48A50,    0.02,     0.03,    -0.00,   -0.04,    0.12,    0.10, 
23:00:52,3.68,0.02,[0]: ID: 00B48A50,    0.02,     0.03,    -0.00,   -0.02,   -0.07,   -0.01, 
23:00:52,3.70,0.01,[0]: ID: 00B48A50,    0.02,     0.03,     0.00,   -0.04,    0.05,    0.08, 
23:00:52,3.71,0.02,[0]: ID: 00B48A50,    0.02,     0.03,     0.00,   -0.02,   -0.13,    0.05, 
23:00:52,3.73,0.02,[0]: ID: 00B48A50,    0.02,     0.03,    -0.00,    0.03,   -0.02,   -0.08, 
23:00:52,3.74,0.02,[0]: ID: 00B48A50,    0.02,     0.03,     0.00,    0.02,    0.04,    0.04, 
23:00:52,3.76,0.02,[0]: ID: 00B48A50,    0.02,     0.03,     0.00,    0.02,    0.04,    0.03, 
23:00:52,3.77,0.02,[0]: ID: 00B48A50,    0.02,     0.03,     0.00,   -0.08,   -0.12,    0.09, 
23:00:52,3.79,0.02,[0]: ID: 00B48A50,    0.02,     0.03,     0.00,    0.14,    0.05,    0.04, 
23:00:53,3.81,0.02,[0]: ID: 00B48A50,    0.02,     0.03,     0.00,   -0.07,   -0.02,   -0.06, 
23:00:53,3.82,0.01,[0]: ID: 00B48A50,    0.02,     0.03,     0.00,    0.04,   -0.01,    0.04, 
23:00:53,3.84,0.02,[0]: ID: 00B48A50,    0.02,     0.03,     0.00,    0.03,    0.04,   -0.03, 
23:00:53,3.85,0.03,[0]: ID: 00B48A50,    0.02,     0.03,     0.00,    0.01,    0.03,    0.04, 
23:00:53,3.89,0.02,[0]: ID: 00B48A50,    0.02,     0.03,     0.00,   -0.03,    0.04,   -0.04, 
23:00:53,3.90,0.02,[0]: ID: 00B48A50,    0.02,     0.03,     0.00,    0.09,    0.05,   -0.04, 
23:00:53,3.92,0.02,[0]: ID: 00B48A50,    0.03,     0.03,     0.00,    0.09,   -0.01,   -0.03, 
23:00:53,3.93,0.02,[0]: ID: 00B48A50,    0.03,     0.03,     0.00,   -0.03,    0.10,    0.09, 
23:00:53,3.95,0.02,[0]: ID: 00B48A50,    0.02,     0.03,     0.00,   -0.08,   -0.03,   -0.08, 
23:00:53,3.97,0.02,[0]: ID: 00B48A50,    0.02,     0.03,     0.00,   -0.02,    0.04,   -0.04, 
23:00:53,3.98,0.02,[0]: ID: 00B48A50,    0.02,     0.03,     0.00,    0.02,   -0.01,    0.04, 
23:00:53,4.00,0.01,[0]: ID: 00B48A50,    0.02,     0.04,     0.00,   -0.09,    0.05,   -0.05, 
23:00:53,4.01,0.02,[0]: ID: 00B48A50,    0.02,     0.04,    -0.00,    0.04,   -0.02,   -0.07, 
23:00:53,4.03,0.02,[0]: ID: 00B48A50,    0.02,     0.03,    -0.00,   -0.03,   -0.02,   -0.01, 
23:00:53,4.05,0.02,[0]: ID: 00B48A50,    0.02,     0.03,    -0.00,    0.09,   -0.02,   -0.08, 
23:00:53,4.06,0.02,[0]: ID: 00B48A50,    0.03,     0.03,    -0.00,    0.03,    0.03,   -0.09, 
23:00:53,4.08,0.02,[0]: ID: 00B48A50,    0.03,     0.04,    -0.00,   -0.02,    0.04,   -0.03, 
23:00:53,4.09,0.02,[0]: ID: 00B48A50,    0.02,     0.03,    -0.00,   -0.03,   -0.07,   -0.02, 
23:00:53,4.11,0.02,[0]: ID: 00B48A50,    0.03,     0.03,    -0.00,    0.08,   -0.01,    0.04, 
23:00:53,4.13,0.02,[0]: ID: 00B48A50,    0.03,     0.04,    -0.00,    0.08,    0.09,   -0.03, 
23:00:53,4.14,0.02,[0]: ID: 00B48A50,    0.03,     0.04,    -0.00,   -0.02,   -0.01,   -0.02, 
23:00:53,4.16,0.01,[0]: ID: 00B48A50,    0.03,     0.04,    -0.00,   -0.09,   -0.02,   -0.00, 
23:00:53,4.17,0.02,[0]: ID: 00B48A50,    0.03,     0.04,    -0.01,    0.04,    0.10,   -0.09, 
23:00:53,4.19,0.02,[0]: ID: 00B48A50,    0.03,     0.04,    -0.01,    0.02,   -0.07,    0.02, 
23:00:53,4.21,0.02,[0]: ID: 00B48A50,    0.03,     0.04,    -0.01,    0.02,    0.20,   -0.10, 
23:00:53,4.22,0.02,[0]: ID: 00B48A50,    0.03,     0.04,    -0.01,   -0.03,    0.04,   -0.03, 
23:00:53,4.24,0.02,[0]: ID: 00B48A50,    0.03,     0.04,    -0.01,    0.09,   -0.00,    0.05, 
23:00:53,4.25,0.02,[0]: ID: 00B48A50,    0.03,     0.04,    -0.01,    0.03,   -0.02,   -0.00, 
23:00:53,4.27,0.03,[0]: ID: 00B48A50,    0.03,     0.04,    -0.01,   -0.01,    0.02,    0.01, 
23:00:53,4.30,0.02,[0]: ID: 00B48A50,    0.03,     0.04,    -0.01,    0.04,   -0.02,   -0.08, 
23:00:53,4.32,0.02,[0]: ID: 00B48A50,    0.03,     0.04,    -0.01,   -0.02,   -0.06,    0.04, 
23:00:53,4.34,0.01,[0]: ID: 00B48A50,    0.03,     0.04,    -0.01,    0.15,    0.06,    0.04, 
23:00:53,4.35,0.02,[0]: ID: 00B48A50,    0.03,     0.04,    -0.01,   -0.08,   -0.01,    0.03, 
23:00:53,4.37,0.02,[0]: ID: 00B48A50,    0.03,     0.04,    -0.01,    0.03,   -0.02,   -0.09, 
23:00:53,4.38,0.02,[0]: ID: 00B48A50,    0.03,     0.04,    -0.01,   -0.02,   -0.03,   -0.13, 
23:00:53,4.40,0.02,[0]: ID: 00B48A50,    0.03,     0.04,    -0.01,    0.03,   -0.01,   -0.03, 
23:00:53,4.41,0.02,[0]: ID: 00B48A50,    0.03,     0.04,    -0.01,    0.03,   -0.01,    0.03, 
23:00:53,4.43,0.02,[0]: ID: 00B48A50,    0.03,     0.04,    -0.01,    0.03,   -0.02,    0.00, 
23:00:53,4.45,0.02,[0]: ID: 00B48A50,    0.03,     0.04,    -0.01,    0.03,   -0.02,   -0.10, 
23:00:53,4.46,0.02,[0]: ID: 00B48A50,    0.03,     0.04,    -0.01,   -0.08,    0.03,   -0.09, 
23:00:53,4.48,0.02,[0]: ID: 00B48A50,    0.03,     0.04,    -0.01,    0.13,   -0.11,   -0.05, 
23:00:53,4.50,0.01,[0]: ID: 00B48A50,    0.03,     0.04,    -0.01,   -0.03,    0.06,    0.12, 
23:00:53,4.51,0.02,[0]: ID: 00B48A50,    0.03,     0.04,    -0.01,   -0.02,    0.03,   -0.09, 
23:00:53,4.53,0.02,[0]: ID: 00B48A50,    0.03,     0.04,    -0.01,    0.03,    0.10,   -0.03, 
23:00:53,4.54,0.02,[0]: ID: 00B48A50,    0.03,     0.04,    -0.01,    0.03,   -0.01,    0.00, 
23:00:53,4.56,0.02,[0]: ID: 00B48A50,    0.03,     0.04,    -0.01,   -0.08,   -0.01,    0.02, 
23:00:53,4.57,0.02,[0]: ID: 00B48A50,    0.03,     0.04,    -0.01,   -0.02,   -0.01,    0.04, 
23:00:53,4.59,0.02,[0]: ID: 00B48A50,    0.03,     0.04,    -0.01,    0.09,    0.10,   -0.04, 
23:00:53,4.61,0.02,[0]: ID: 00B48A50,    0.03,     0.04,    -0.01,   -0.08,   -0.12,    0.03, 
23:00:53,4.62,0.02,[0]: ID: 00B48A50,    0.03,     0.04,    -0.01,   -0.08,    0.08,   -0.10, 
23:00:53,4.64,0.02,[0]: ID: 00B48A50,    0.03,     0.04,    -0.01,   -0.02,   -0.06,    0.03, 
23:00:53,4.66,0.03,[0]: ID: 00B48A50,    0.03,     0.04,    -0.01,    0.01,    0.06,    0.07, 
23:00:53,4.69,0.02,[0]: ID: 00B48A50,    0.03,     0.04,    -0.01,    0.03,   -0.01,   -0.03, 
23:00:53,4.70,0.02,[0]: ID: 00B48A50,    0.03,     0.04,    -0.01,    0.02,   -0.01,    0.03, 
23:00:53,4.72,0.02,[0]: ID: 00B48A50,    0.03,     0.04,    -0.01,   -0.03,    0.09,   -0.02, 
23:00:53,4.73,0.02,[0]: ID: 00B48A50,    0.03,     0.04,    -0.01,   -0.03,   -0.01,    0.08, 
23:00:53,4.75,0.02,[0]: ID: 00B48A50,    0.03,     0.04,    -0.01,    0.03,   -0.01,    0.02, 
23:00:53,4.77,0.02,[0]: ID: 00B48A50,    0.03,     0.04,    -0.01,    0.02,   -0.01,    0.02, 
23:00:53,4.78,0.02,[0]: ID: 00B48A50,    0.03,     0.04,    -0.01,   -0.02,    0.03,   -0.07, 
23:00:53,4.80,0.02,[0]: ID: 00B48A50,    0.03,     0.04,    -0.01,    0.09,   -0.01,   -0.02, 
23:00:54,4.81,0.02,[0]: ID: 00B48A50,    0.03,     0.04,    -0.01,   -0.07,   -0.02,   -0.02, 
23:00:54,4.83,0.01,[0]: ID: 00B48A50,    0.03,     0.04,    -0.01,    0.09,   -0.02,   -0.03, 
23:00:54,4.85,0.02,[0]: ID: 00B48A50,    0.03,     0.04,    -0.01,   -0.03,   -0.00,    0.08, 
23:00:54,4.86,0.02,[0]: ID: 00B48A50,    0.03,     0.04,    -0.01,    0.04,    0.04,   -0.07, 
23:00:54,4.88,0.02,[0]: ID: 00B48A50,    0.03,     0.04,    -0.01,    0.08,    0.05,    0.09, 
23:00:54,4.89,0.02,[0]: ID: 00B48A50,    0.03,     0.04,    -0.01,   -0.03,    0.03,   -0.03, 
23:00:54,4.91,0.02,[0]: ID: 00B48A50,    0.03,     0.04,    -0.01,   -0.02,    0.03,   -0.10, 
23:00:54,4.93,0.02,[0]: ID: 00B48A50,    0.03,     0.04,    -0.01,    0.09,    0.05,   -0.02, 
23:00:54,4.94,0.02,[0]: ID: 00B48A50,    0.03,     0.04,    -0.01,   -0.08,    0.04,    0.02, 
23:00:54,4.96,0.02,[0]: ID: 00B48A50,    0.03,     0.04,    -0.01,   -0.03,   -0.02,   -0.02, 
23:00:54,4.97,0.02,[0]: ID: 00B48A50,    0.03,     0.04,    -0.01,   -0.02,   -0.01,    0.02, 
23:00:54,4.99,0.01,[0]: ID: 00B48A50,    0.03,     0.04,    -0.01,    0.17,    0.06,    0.05, 
23:00:54,5.01,0.01,[0]: ID: 00B48A50,    0.03,     0.05,    -0.01,   -0.02,    0.03,   -0.13, 
23:00:54,5.02,0.03,[0]: ID: 00B48A50,    0.03,     0.04,    -0.01,   -0.01,   -0.03,    0.06, 
23:00:54,5.05,0.02,[0]: ID: 00B48A50,    0.03,     0.04,    -0.01,    0.03,    0.04,   -0.04, 
23:00:54,5.07,0.02,[0]: ID: 00B48A50,    0.03,     0.05,    -0.01,    0.03,    0.04,   -0.04, 
23:00:54,5.09,0.01,[0]: ID: 00B48A50,    0.03,     0.05,    -0.01,    0.03,    0.04,   -0.00, 
23:00:54,5.10,0.02,[0]: ID: 00B48A50,    0.04,     0.05,    -0.01,    0.08,   -0.01,    0.03, 
23:00:54,5.12,0.01,[0]: ID: 00B48A50,    0.03,     0.05,    -0.01,   -0.03,   -0.01,    0.09, 
23:00:54,5.13,0.02,[0]: ID: 00B48A50,    0.03,     0.05,    -0.01,   -0.03,    0.08,   -0.14, 
23:00:54,5.15,0.02,[0]: ID: 00B48A50,    0.03,     0.05,    -0.01,   -0.03,    0.04,    0.08, 
23:00:54,5.17,0.01,[0]: ID: 00B48A50,    0.03,     0.05,    -0.01,    0.03,   -0.03,   -0.07, 
23:00:54,5.18,0.02,[0]: ID: 00B48A50,    0.03,     0.05,    -0.01,   -0.03,    0.09,   -0.06, 
23:00:54,5.20,0.02,[0]: ID: 00B48A50,    0.03,     0.05,    -0.01,   -0.03,   -0.02,   -0.02, 
23:00:54,5.21,0.02,[0]: ID: 00B48A50,    0.03,     0.05,    -0.01,   -0.03,    0.05,    0.01, 
23:00:54,5.23,0.02,[0]: ID: 00B48A50,    0.03,     0.05,    -0.01,   -0.03,   -0.02,   -0.03, 
23:00:54,5.24,0.02,[0]: ID: 00B48A50,    0.03,     0.05,    -0.01,   -0.08,   -0.02,   -0.02, 
23:00:54,5.26,0.02,[0]: ID: 00B48A50,    0.03,     0.05,    -0.02,   -0.02,   -0.02,   -0.02, 
23:00:54,5.28,0.02,[0]: ID: 00B48A50,    0.03,     0.05,    -0.01,    0.03,    0.10,    0.02, 
23:00:54,5.29,0.02,[0]: ID: 00B48A50,    0.03,     0.05,    -0.02,   -0.07,   -0.02,   -0.08, 
23:00:54,5.31,0.02,[0]: ID: 00B48A50,    0.03,     0.05,    -0.02,    0.03,   -0.06,    0.07, 
23:00:54,5.33,0.01,[0]: ID: 00B48A50,    0.03,     0.05,    -0.01,   -0.04,    0.05,    0.02, 
23:00:54,5.34,0.02,[0]: ID: 00B48A50,    0.03,     0.05,    -0.02,    0.03,    0.04,   -0.09, 
23:00:54,5.36,0.02,[0]: ID: 00B48A50,    0.03,     0.05,    -0.02,   -0.02,   -0.06,    0.03, 
23:00:54,5.37,0.02,[0]: ID: 00B48A50,    0.03,     0.05,    -0.02,    0.03,    0.05,    0.04, 
23:00:54,5.39,0.03,[0]: ID: 00B48A50,    0.03,     0.05,    -0.01,   -0.01,   -0.00,    0.04, 
23:00:54,5.42,0.02,[0]: ID: 00B48A50,    0.03,     0.05,    -0.01,   -0.02,   -0.07,   -0.02, 
23:00:54,5.44,0.02,[0]: ID: 00B48A50,    0.03,     0.05,    -0.01,   -0.09,    0.09,    0.02, 
23:00:54,5.45,0.02,[0]: ID: 00B48A50,    0.03,     0.05,    -0.01,   -0.03,    0.05,    0.03, 
23:00:54,5.47,0.02,[0]: ID: 00B48A50,    0.03,     0.05,    -0.01,    0.03,   -0.01,   -0.03, 
23:00:54,5.48,0.02,[0]: ID: 00B48A50,    0.02,     0.04,    -0.01,   -0.22,   -0.54,    0.13, 
23:00:54,5.50,0.01,[0]: ID: 00B48A50,    0.03,     0.04,    -0.01,    0.04,   -0.09,   -0.09, 
23:00:54,5.52,0.02,[0]: ID: 00B48A50,    0.02,     0.04,    -0.01,   -0.03,    0.10,    0.01, 
23:00:54,5.53,0.02,[0]: ID: 00B48A50,    0.02,     0.04,    -0.01,   -0.08,   -0.07,    0.03, 
23:00:54,5.55,0.02,[0]: ID: 00B48A50,    0.02,     0.04,    -0.01,   -0.01,   -0.08,   -0.13, 
23:00:54,5.56,0.02,[0]: ID: 00B48A50,    0.02,     0.04,    -0.01,    0.08,   -0.06,    0.09, 
23:00:54,5.58,0.02,[0]: ID: 00B48A50,    0.02,     0.04,    -0.01,    0.02,    0.10,    0.02, 
23:00:54,5.60,0.02,[0]: ID: 00B48A50,    0.02,     0.04,    -0.01,   -0.03,   -0.02,   -0.00, 
23:00:54,5.61,0.02,[0]: ID: 00B48A50,    0.02,     0.04,    -0.01,   -0.02,   -0.02,   -0.10, 
23:00:54,5.63,0.02,[0]: ID: 00B48A50,    0.02,     0.04,    -0.01,   -0.08,    0.04,   -0.03, 
23:00:54,5.64,0.02,[0]: ID: 00B48A50,    0.02,     0.04,    -0.01,    0.07,    0.03,   -0.00, 
23:00:54,5.66,0.01,[0]: ID: 00B48A50,    0.02,     0.04,    -0.01,   -0.02,   -0.14,   -0.01, 
23:00:54,5.68,0.02,[0]: ID: 00B48A50,    0.02,     0.04,    -0.01,   -0.02,    0.04,   -0.03, 
23:00:54,5.69,0.02,[0]: ID: 00B48A50,    0.02,     0.04,    -0.01,   -0.08,   -0.02,    0.03, 
23:00:54,5.71,0.02,[0]: ID: 00B48A50,    0.02,     0.04,    -0.01,   -0.02,   -0.01,    0.03, 
23:00:54,5.72,0.02,[0]: ID: 00B48A50,    0.02,     0.04,    -0.02,    0.03,   -0.02,   -0.07, 
23:00:54,5.74,0.02,[0]: ID: 00B48A50,    0.02,     0.04,    -0.01,   -0.02,   -0.06,    0.05, 
23:00:54,5.76,0.02,[0]: ID: 00B48A50,    0.02,     0.04,    -0.02,   -0.02,    0.03,   -0.08, 
23:00:54,5.77,0.02,[0]: ID: 00B48A50,    0.02,     0.04,    -0.01,   -0.08,   -0.01,    0.08, 
23:00:55,5.79,0.03,[0]: ID: 00B48A50,    0.02,     0.04,    -0.01,    0.01,   -0.03,    0.02, 
23:00:55,5.82,0.02,[0]: ID: 00B48A50,    0.02,     0.04,    -0.01,   -0.02,    0.03,   -0.03, 
23:00:55,5.84,0.01,[0]: ID: 00B48A50,    0.02,     0.04,    -0.01,   -0.04,    0.05,    0.10, 
23:00:55,5.85,0.02,[0]: ID: 00B48A50,    0.02,     0.04,    -0.01,   -0.03,   -0.01,    0.03, 
23:00:55,5.87,0.02,[0]: ID: 00B48A50,    0.02,     0.04,    -0.01,    0.04,    0.04,   -0.08, 
23:00:55,5.88,0.02,[0]: ID: 00B48A50,    0.02,     0.04,    -0.01,   -0.03,   -0.01,    0.09, 
23:00:55,5.90,0.02,[0]: ID: 00B48A50,    0.02,     0.04,    -0.01,   -0.02,   -0.01,    0.03, 
23:00:55,5.92,0.02,[0]: ID: 00B48A50,    0.02,     0.04,    -0.01,    0.03,    0.04,    0.04, 
23:00:55,5.93,0.02,[0]: ID: 00B48A50,    0.02,     0.04,    -0.01,   -0.07,    0.03,   -0.07, 
23:00:55,5.95,0.02,[0]: ID: 00B48A50,    0.02,     0.04,    -0.01,    0.08,    0.05,    0.07, 
23:00:55,5.96,0.02,[0]: ID: 00B48A50,    0.02,     0.04,    -0.01,    0.14,   -0.11,    0.05, 
23:00:55,5.98,0.02,[0]: ID: 00B48A50,    0.02,     0.04,    -0.01,   -0.07,   -0.02,   -0.02, 
23:00:55,6.00,0.01,[0]: ID: 00B48A50,    0.02,     0.04,    -0.01,    0.10,   -0.01,   -0.01, 
23:00:55,6.01,0.02,[0]: ID: 00B48A50,    0.02,     0.04,    -0.01,   -0.02,   -0.01,    0.05, 
23:00:55,6.03,0.02,[0]: ID: 00B48A50,    0.02,     0.04,    -0.01,    0.03,   -0.01,   -0.01, 
23:00:55,6.04,0.02,[0]: ID: 00B48A50,    0.02,     0.04,    -0.01,    0.03,   -0.07,   -0.02, 
23:00:55,6.06,0.02,[0]: ID: 00B48A50,    0.02,     0.04,    -0.01,   -0.03,    0.09,   -0.04, 
23:00:55,6.08,0.02,[0]: ID: 00B48A50,    0.02,     0.04,    -0.01,    0.03,   -0.12,    0.04, 
23:00:55,6.09,0.02,[0]: ID: 00B48A50,    0.02,     0.04,    -0.01,    0.09,    0.05,   -0.04, 
23:00:55,6.11,0.02,[0]: ID: 00B48A50,    0.02,     0.04,    -0.01,   -0.02,    0.04,   -0.03, 
23:00:55,6.12,0.02,[0]: ID: 00B48A50,    0.02,     0.04,    -0.01,    0.03,    0.05,    0.04, 
23:00:55,6.14,0.02,[0]: ID: 00B48A50,    0.02,     0.04,    -0.01,   -0.07,   -0.02,   -0.08, 
23:00:55,6.16,0.01,[0]: ID: 00B48A50,    0.02,     0.04,    -0.01,    0.09,    0.05,   -0.01, 
23:00:55,6.17,0.02,[0]: ID: 00B48A50,    0.02,     0.04,    -0.01,   -0.02,    0.04,   -0.02, 
23:00:55,6.19,0.02,[0]: ID: 00B48A50,    0.02,     0.04,    -0.01,    0.02,   -0.07,    0.04, 
23:00:55,6.20,0.03,[0]: ID: 00B48A50,    0.02,     0.04,    -0.01,   -0.02,    0.02,    0.04, 
23:00:55,6.24,0.02,[0]: ID: 00B48A50,    0.02,     0.04,    -0.01,   -0.03,    0.04,   -0.03, 
23:00:55,6.25,0.01,[0]: ID: 00B48A50,    0.02,     0.04,    -0.01,    0.09,    0.00,    0.10, 
23:00:55,6.27,0.02,[0]: ID: 00B48A50,    0.02,     0.04,    -0.01,    0.04,   -0.07,   -0.00, 
23:00:55,6.28,0.02,[0]: ID: 00B48A50,    0.02,     0.04,    -0.01,   -0.02,    0.05,    0.03, 
23:00:55,6.30,0.02,[0]: ID: 00B48A50,    0.02,     0.04,    -0.01,   -0.03,    0.04,    0.04, 
23:00:55,6.31,0.02,[0]: ID: 00B48A50,    0.02,     0.04,    -0.01,   -0.08,    0.03,   -0.03, 
23:00:55,6.33,0.01,[0]: ID: 00B48A50,    0.02,     0.04,    -0.01,    0.10,   -0.01,   -0.01, 
23:00:55,6.35,0.02,[0]: ID: 00B48A50,    0.02,     0.04,    -0.01,   -0.03,    0.05,    0.10, 
23:00:55,6.36,0.02,[0]: ID: 00B48A50,    0.02,     0.04,    -0.01,   -0.07,   -0.13,   -0.07, 
23:00:55,6.38,0.02,[0]: ID: 00B48A50,    0.02,     0.04,    -0.01,    0.03,    0.05,    0.02, 
23:00:55,6.39,0.02,[0]: ID: 00B48A50,    0.02,     0.04,    -0.01,    0.02,    0.05,    0.09, 
23:00:55,6.41,0.02,[0]: ID: 00B48A50,    0.02,     0.04,    -0.01,    0.03,   -0.08,   -0.06, 
23:00:55,6.43,0.02,[0]: ID: 00B48A50,    0.03,     0.04,    -0.01,    0.08,    0.05,    0.03, 
23:00:55,6.44,0.02,[0]: ID: 00B48A50,    0.03,     0.04,    -0.01,    0.04,   -0.02,   -0.08, 
23:00:55,6.46,0.02,[0]: ID: 00B48A50,    0.02,     0.04,    -0.01,   -0.08,    0.04,    0.04, 
23:00:55,6.47,0.02,[0]: ID: 00B48A50,    0.03,     0.04,    -0.01,    0.07,   -0.14,    0.10, 
23:00:55,6.49,0.01,[0]: ID: 00B48A50,    0.03,     0.04,    -0.01,    0.22,    0.18,   -0.03, 
23:00:55,6.51,0.02,[0]: ID: 00B48A50,    0.03,     0.04,    -0.01,   -0.03,   -0.07,    0.05, 
23:00:55,6.52,0.02,[0]: ID: 00B48A50,    0.03,     0.04,    -0.01,   -0.03,   -0.07,    0.05, 
23:00:55,6.54,0.02,[0]: ID: 00B48A50,    0.03,     0.04,    -0.00,    0.03,   -0.06,    0.04, 
23:00:55,6.55,0.02,[0]: ID: 00B48A50,    0.03,     0.04,    -0.01,    0.03,   -0.02,   -0.08, 
23:00:55,6.57,0.03,[0]: ID: 00B48A50,    0.03,     0.04,    -0.01,    0.01,    0.04,   -0.05, 
23:00:55,6.60,0.02,[0]: ID: 00B48A50,    0.03,     0.04,    -0.01,    0.02,   -0.05,    0.15, 
23:00:55,6.62,0.02,[0]: ID: 00B48A50,    0.03,     0.04,    -0.00,   -0.08,   -0.01,    0.03, 
23:00:55,6.63,0.02,[0]: ID: 00B48A50,    0.03,     0.04,    -0.01,    0.08,    0.04,   -0.03, 
23:00:55,6.65,0.02,[0]: ID: 00B48A50,    0.03,     0.04,    -0.01,   -0.06,   -0.07,   -0.06, 
23:00:55,6.67,0.01,[0]: ID: 00B48A50,    0.03,     0.04,    -0.01,    0.10,   -0.01,    0.00, 
23:00:55,6.68,0.02,[0]: ID: 00B48A50,    0.03,     0.03,    -0.01,   -0.02,   -0.02,   -0.07, 
23:00:55,6.70,0.02,[0]: ID: 00B48A50,    0.03,     0.03,    -0.01,   -0.03,   -0.06,    0.09, 
23:00:55,6.71,0.02,[0]: ID: 00B48A50,    0.03,     0.03,    -0.01,   -0.03,   -0.07,    0.02, 
23:00:55,6.73,0.02,[0]: ID: 00B48A50,    0.03,     0.03,    -0.01,    0.03,    0.03,   -0.09, 
23:00:55,6.75,0.02,[0]: ID: 00B48A50,    0.03,     0.04,    -0.01,    0.03,    0.20,   -0.09, 
23:00:55,6.76,0.02,[0]: ID: 00B48A50,    0.03,     0.04,    -0.01,    0.03,   -0.02,   -0.08, 
23:00:55,6.78,0.02,[0]: ID: 00B48A50,    0.03,     0.04,    -0.01,   -0.14,   -0.02,    0.02, 
23:00:55,6.79,0.02,[0]: ID: 00B48A50,    0.03,     0.04,    -0.01,    0.09,   -0.01,   -0.02, 
23:00:56,6.81,0.02,[0]: ID: 00B48A50,    0.03,     0.04,    -0.01,   -0.02,    0.03,   -0.04, 
23:00:56,6.83,0.01,[0]: ID: 00B48A50,    0.03,     0.04,    -0.01,    0.03,   -0.01,    0.07, 
23:00:56,6.84,0.02,[0]: ID: 00B48A50,    0.03,     0.04,    -0.01,    0.04,   -0.07,   -0.03, 
23:00:56,6.86,0.02,[0]: ID: 00B48A50,    0.03,     0.03,    -0.01,   -0.02,   -0.12,    0.01, 
23:00:56,6.87,0.02,[0]: ID: 00B48A50,    0.03,     0.03,    -0.01,   -0.09,    0.09,    0.00, 
23:00:56,6.89,0.02,[0]: ID: 00B48A50,    0.03,     0.03,    -0.01,   -0.02,   -0.07,   -0.03, 
23:00:56,6.91,0.02,[0]: ID: 00B48A50,    0.03,     0.03,    -0.01,    0.07,    0.03,   -0.03, 
23:00:56,6.92,0.02,[0]: ID: 00B48A50,    0.03,     0.03,    -0.01,   -0.03,   -0.02,   -0.02, 
23:00:56,6.94,0.02,[0]: ID: 00B48A50,    0.03,     0.03,    -0.01,    0.09,   -0.00,    0.04, 
23:00:56,6.95,0.02,[0]: ID: 00B48A50,    0.03,     0.03,    -0.01,   -0.02,   -0.02,   -0.02, 
23:00:56,6.97,0.02,[0]: ID: 00B48A50,    0.03,     0.03,    -0.01,   -0.03,    0.04,    0.03, 
23:00:56,6.99,0.03,[0]: ID: 00B48A50,    0.03,     0.04,    -0.01,    0.07,    0.03,    0.02, 
23:00:56,7.02,0.02,[0]: ID: 00B48A50,    0.03,     0.03,    -0.01,   -0.02,   -0.07,   -0.01, 
23:00:56,7.03,0.02,[0]: ID: 00B48A50,    0.03,     0.04,    -0.01,   -0.19,    0.09,    0.01, 
23:00:56,7.05,0.02,[0]: ID: 00B48A50,    0.03,     0.04,    -0.01,    0.03,    0.04,   -0.03, 
23:00:56,7.07,0.02,[0]: ID: 00B48A50,    0.03,     0.03,    -0.01,    0.09,   -0.07,   -0.01, 
23:00:56,7.08,0.02,[0]: ID: 00B48A50,    0.03,     0.04,    -0.01,    0.03,    0.11,    0.03, 
23:00:56,7.10,0.02,[0]: ID: 00B48A50,    0.03,     0.04,    -0.01,   -0.03,   -0.01,    0.04, 
23:00:56,7.11,0.02,[0]: ID: 00B48A50,    0.03,     0.04,    -0.01,    0.03,    0.03,   -0.06, 
23:00:56,7.13,0.02,[0]: ID: 00B48A50,    0.03,     0.04,    -0.01,   -0.02,   -0.03,   -0.14, 
23:00:56,7.14,0.02,[0]: ID: 00B48A50,    0.03,     0.04,    -0.01,   -0.02,    0.03,   -0.03, 
23:00:56,7.16,0.01,[0]: ID: 00B48A50,    0.03,     0.04,    -0.01,   -0.03,    0.04,   -0.02, 
23:00:56,7.18,0.02,[0]: ID: 00B48A50,    0.03,     0.04,    -0.01,   -0.03,    0.03,   -0.04, 
23:00:56,7.19,0.02,[0]: ID: 00B48A50,    0.03,     0.04,    -0.01,    0.09,   -0.06,    0.04, 
23:00:56,7.21,0.02,[0]: ID: 00B48A50,    0.03,     0.04,    -0.01,    0.03,   -0.02,   -0.01, 
23:00:56,7.22,0.02,[0]: ID: 00B48A50,    0.03,     0.04,    -0.01,   -0.03,   -0.02,    0.03, 
23:00:56,7.24,0.02,[0]: ID: 00B48A50,    0.03,     0.04,    -0.01,   -0.02,   -0.06,    0.06, 
23:00:56,7.26,0.02,[0]: ID: 00B48A50,    0.03,     0.04,    -0.01,    0.09,   -0.01,   -0.02, 
23:00:56,7.27,0.02,[0]: ID: 00B48A50,    0.03,     0.04,    -0.01,   -0.08,   -0.03,   -0.09, 
23:00:56,7.29,0.02,[0]: ID: 00B48A50,    0.03,     0.03,    -0.01,   -0.08,   -0.02,    0.04, 
23:00:56,7.31,0.02,[0]: ID: 00B48A50,    0.03,     0.03,    -0.01,    0.02,   -0.05,    0.09, 
23:00:56,7.32,0.03,[0]: ID: 00B48A50,    0.03,     0.03,    -0.01,    0.04,   -0.00,    0.02, 
23:00:56,7.35,0.02,[0]: ID: 00B48A50,    0.03,     0.03,    -0.01,    0.02,   -0.00,    0.09, 
23:00:56,7.37,0.02,[0]: ID: 00B48A50,    0.03,     0.03,    -0.01,   -0.02,    0.04,   -0.03, 
23:00:56,7.39,0.02,[0]: ID: 00B48A50,    0.03,     0.03,    -0.01,   -0.02,   -0.02,   -0.08, 
23:00:56,7.40,0.02,[0]: ID: 00B48A50,    0.03,     0.03,    -0.01,    0.03,    0.05,    0.04, 
23:00:56,7.42,0.02,[0]: ID: 00B48A50,    0.03,     0.04,    -0.01,    0.04,    0.10,   -0.09, 
23:00:56,7.43,0.02,[0]: ID: 00B48A50,    0.03,     0.04,    -0.01,   -0.14,   -0.08,   -0.03, 
23:00:56,7.45,0.02,[0]: ID: 00B48A50,    0.03,     0.04,    -0.01,    0.14,    0.04,   -0.08, 
23:00:56,7.46,0.02,[0]: ID: 00B48A50,    0.03,     0.04,    -0.01,    0.03,    0.04,   -0.03, 
23:00:56,7.48,0.02,[0]: ID: 00B48A50,    0.03,     0.04,    -0.01,   -0.20,    0.39,    0.09, 
23:00:56,7.50,0.01,[0]: ID: 00B48A50,    0.03,     0.04,    -0.01,   -0.04,   -0.02,    0.05, 
23:00:56,7.51,0.02,[0]: ID: 00B48A50,    0.03,     0.04,    -0.01,   -0.03,    0.04,    0.02, 
23:00:56,7.53,0.02,[0]: ID: 00B48A50,    0.03,     0.05,    -0.01,   -0.08,    0.04,    0.02, 
23:00:56,7.54,0.02,[0]: ID: 00B48A50,    0.03,     0.05,    -0.01,   -0.03,    0.05,    0.07, 
23:00:56,7.56,0.02,[0]: ID: 00B48A50,    0.03,     0.04,    -0.01,    0.04,   -0.13,   -0.06, 
23:00:56,7.58,0.02,[0]: ID: 00B48A50,    0.03,     0.04,    -0.01,    0.09,    0.04,   -0.08, 
23:00:56,7.59,0.02,[0]: ID: 00B48A50,    0.03,     0.04,    -0.01,   -0.08,    0.04,   -0.03, 
23:00:56,7.61,0.02,[0]: ID: 00B48A50,    0.03,     0.05,    -0.01,   -0.03,    0.04,   -0.05, 
23:00:56,7.62,0.02,[0]: ID: 00B48A50,    0.02,     0.04,    -0.01,   -0.03,   -0.07,    0.05, 
23:00:56,7.64,0.02,[0]: ID: 00B48A50,    0.02,     0.05,    -0.01,   -0.02,    0.04,    0.02, 
23:00:56,7.66,0.01,[0]: ID: 00B48A50,    0.02,     0.05,    -0.01,   -0.04,    0.10,   -0.04, 
23:00:56,7.67,0.02,[0]: ID: 00B48A50,    0.03,     0.05,    -0.01,    0.15,   -0.01,   -0.07, 
23:00:56,7.69,0.03,[0]: ID: 00B48A50,    0.03,     0.05,    -0.01,   -0.01,   -0.03,    0.04, 
23:00:56,7.72,0.02,[0]: ID: 00B48A50,    0.03,     0.05,    -0.01,   -0.03,    0.09,   -0.02, 
23:00:56,7.73,0.02,[0]: ID: 00B48A50,    0.03,     0.05,    -0.01,    0.08,    0.06,    0.08, 
23:00:56,7.75,0.02,[0]: ID: 00B48A50,    0.03,     0.05,    -0.01,   -0.08,   -0.03,   -0.08, 
23:00:56,7.77,0.02,[0]: ID: 00B48A50,    0.03,     0.05,    -0.01,   -0.03,    0.03,   -0.09, 
23:00:56,7.78,0.02,[0]: ID: 00B48A50,    0.03,     0.05,    -0.01,    0.02,    0.09,   -0.04, 
23:00:56,7.80,0.02,[0]: ID: 00B48A50,    0.03,     0.05,    -0.01,   -0.03,   -0.12,    0.13, 
23:00:57,7.81,0.02,[0]: ID: 00B48A50,    0.02,     0.05,    -0.01,   -0.18,    0.08,    0.01, 
23:00:57,7.83,0.01,[0]: ID: 00B48A50,    0.02,     0.05,    -0.01,    0.10,   -0.07,   -0.03, 
23:00:57,7.84,0.02,[0]: ID: 00B48A50,    0.02,     0.05,    -0.01,   -0.09,   -0.02,    0.04, 
23:00:57,7.86,0.02,[0]: ID: 00B48A50,    0.02,     0.05,    -0.01,   -0.02,   -0.02,   -0.03, 
23:00:57,7.88,0.02,[0]: ID: 00B48A50,    0.02,     0.05,    -0.01,    0.03,    0.04,   -0.02, 
23:00:57,7.89,0.02,[0]: ID: 00B48A50,    0.02,     0.05,    -0.01,    0.03,   -0.01,   -0.02, 
23:00:57,7.91,0.02,[0]: ID: 00B48A50,    0.02,     0.05,    -0.01,    0.03,   -0.05,    0.14, 
23:00:57,7.92,0.02,[0]: ID: 00B48A50,    0.02,     0.05,    -0.01,    0.02,    0.06,    0.14, 
23:00:57,7.94,0.02,[0]: ID: 00B48A50,    0.02,     0.05,    -0.01,   -0.01,   -0.08,   -0.14, 
23:00:57,7.96,0.02,[0]: ID: 00B48A50,    0.02,     0.05,    -0.01,   -0.08,    0.10,    0.02, 
23:00:57,7.97,0.02,[0]: ID: 00B48A50,    0.02,     0.05,    -0.01,    0.02,    0.04,    0.07, 
23:00:57,7.99,0.01,[0]: ID: 00B48A50,    0.02,     0.05,    -0.01,   -0.02,    0.04,   -0.10, 
23:00:57,8.00,0.03,[0]: ID: 00B48A50,    0.02,     0.05,    -0.01,   -0.01,   -0.01,    0.01, 
23:00:57,8.04,0.02,[0]: ID: 00B48A50,    0.02,     0.05,    -0.01,   -0.03,   -0.02,   -0.04, 
23:00:57,8.05,0.02,[0]: ID: 00B48A50,    0.02,     0.05,    -0.01,   -0.03,    0.04,    0.03, 
23:00:57,8.07,0.02,[0]: ID: 00B48A50,    0.02,     0.05,    -0.01,   -0.08,    0.03,   -0.10, 
23:00:57,8.08,0.02,[0]: ID: 00B48A50,    0.02,     0.05,    -0.01,   -0.03,    0.05,    0.07, 
23:00:57,8.10,0.02,[0]: ID: 00B48A50,    0.02,     0.05,    -0.01,   -0.02,   -0.07,   -0.04, 
23:00:57,8.12,0.02,[0]: ID: 00B48A50,    0.02,     0.05,    -0.01,    0.08,    0.04,   -0.02, 
23:00:57,8.13,0.02,[0]: ID: 00B48A50,    0.02,     0.05,    -0.01,   -0.02,   -0.02,   -0.05, 
23:00:57,8.15,0.02,[0]: ID: 00B48A50,    0.02,     0.05,    -0.01,   -0.03,   -0.01,    0.01, 
23:00:57,8.17,0.01,[0]: ID: 00B48A50,    0.02,     0.05,    -0.01,   -0.03,   -0.03,   -0.09, 
23:00:57,8.18,0.02,[0]: ID: 00B48A50,    0.02,     0.05,    -0.02,    0.03,   -0.02,   -0.09, 
23:00:57,8.20,0.02,[0]: ID: 00B48A50,    0.02,     0.05,    -0.01,   -0.03,   -0.01,    0.09, 
23:00:57,8.21,0.02,[0]: ID: 00B48A50,    0.02,     0.05,    -0.02,    0.03,    0.09,   -0.09, 
23:00:57,8.23,0.02,[0]: ID: 00B48A50,    0.02,     0.05,    -0.01,    0.03,   -0.01,    0.03, 
23:00:57,8.24,0.02,[0]: ID: 00B48A50,    0.02,     0.05,    -0.02,   -0.08,   -0.03,   -0.08, 
23:00:57,8.26,0.02,[0]: ID: 00B48A50,    0.02,     0.05,    -0.02,   -0.02,    0.04,   -0.04, 
23:00:57,8.28,0.02,[0]: ID: 00B48A50,    0.02,     0.05,    -0.02,   -0.08,   -0.07,    0.04, 
23:00:57,8.29,0.02,[0]: ID: 00B48A50,    0.02,     0.05,    -0.02,   -0.03,   -0.02,    0.02, 
23:00:57,8.31,0.02,[0]: ID: 00B48A50,    0.02,     0.05,    -0.02,    0.07,    0.09,    0.01, 
23:00:57,8.33,0.01,[0]: ID: 00B48A50,    0.02,     0.05,    -0.02,   -0.03,   -0.02,   -0.03, 
23:00:57,8.34,0.02,[0]: ID: 00B48A50,    0.02,     0.05,    -0.02,   -0.02,   -0.07,   -0.01, 
23:00:57,8.36,0.02,[0]: ID: 00B48A50,    0.01,     0.05,    -0.02,   -0.08,    0.08,   -0.10, 
23:00:57,8.37,0.02,[0]: ID: 00B48A50,    0.01,     0.05,    -0.02,   -0.03,   -0.01,    0.03, 
23:00:57,8.39,0.02,[0]: ID: 00B48A50,    0.01,     0.05,    -0.02,    0.02,    0.05,    0.01, 
23:00:57,8.40,0.03,[0]: ID: 00B48A50,    0.01,     0.05,    -0.02,   -0.04,    0.02,   -0.02, 
23:00:57,8.44,0.01,[0]: ID: 00B48A50,    0.01,     0.05,    -0.02,    0.02,    0.04,    0.04, 
23:00:57,8.45,0.02,[0]: ID: 00B48A50,    0.01,     0.05,    -0.02,   -0.08,   -0.08,   -0.07, 
23:00:57,8.47,0.02,[0]: ID: 00B48A50,    0.01,     0.05,    -0.02,    0.14,   -0.06,    0.06, 
23:00:57,8.48,0.02,[0]: ID: 00B48A50,    0.01,     0.05,    -0.02,   -0.01,    0.02,   -0.12, 
23:00:57,8.50,0.01,[0]: ID: 00B48A50,    0.01,     0.05,    -0.02,   -0.15,   -0.07,    0.10, 
23:00:57,8.51,0.02,[0]: ID: 00B48A50,    0.01,     0.05,    -0.02,    0.03,    0.04,   -0.03, 
23:00:57,8.53,0.01,[0]: ID: 00B48A50,    0.01,     0.05,    -0.02,    0.03,   -0.02,   -0.00, 
23:00:57,8.55,0.02,[0]: ID: 00B48A50,    0.01,     0.05,    -0.02,   -0.03,   -0.02,   -0.02, 
23:00:57,8.56,0.02,[0]: ID: 00B48A50,    0.01,     0.05,    -0.02,    0.02,   -0.01,    0.02, 
23:00:57,8.58,0.02,[0]: ID: 00B48A50,    0.01,     0.05,    -0.02,   -0.02,   -0.02,   -0.01, 
23:00:57,8.59,0.02,[0]: ID: 00B48A50,    0.01,     0.05,    -0.02,    0.03,    0.04,   -0.08, 
23:00:57,8.61,0.02,[0]: ID: 00B48A50,    0.01,     0.05,    -0.02,    0.03,   -0.01,    0.03, 
23:00:57,8.62,0.02,[0]: ID: 00B48A50,    0.01,     0.05,    -0.02,   -0.02,    0.02,   -0.15, 
23:00:57,8.64,0.02,[0]: ID: 00B48A50,    0.02,     0.05,    -0.02,    0.08,   -0.01,   -0.05, 
23:00:57,8.66,0.01,[0]: ID: 00B48A50,    0.01,     0.05,    -0.02,   -0.03,    0.04,   -0.04, 
23:00:57,8.67,0.02,[0]: ID: 00B48A50,    0.02,     0.05,    -0.02,    0.09,   -0.01,   -0.01, 
23:00:57,8.69,0.02,[0]: ID: 00B48A50,    0.01,     0.05,    -0.02,   -0.08,    0.04,    0.02, 
23:00:57,8.70,0.02,[0]: ID: 00B48A50,    0.01,     0.05,    -0.02,   -0.03,    0.15,    0.00, 
23:00:57,8.72,0.03,[0]: ID: 00B48A50,    0.01,     0.05,    -0.02,    0.01,    0.02,    0.02, 
23:00:57,8.75,0.02,[0]: ID: 00B48A50,    0.01,     0.05,    -0.02,   -0.03,   -0.06,    0.09, 
23:00:57,8.77,0.02,[0]: ID: 00B48A50,    0.01,     0.05,    -0.02,   -0.03,    0.04,   -0.04, 
23:00:57,8.78,0.02,[0]: ID: 00B48A50,    0.01,     0.05,    -0.02,    0.08,    0.04,   -0.03, 
23:00:57,8.80,0.02,[0]: ID: 00B48A50,    0.01,     0.05,    -0.02,   -0.02,   -0.07,   -0.00, 
23:00:58,8.82,0.02,[0]: ID: 00B48A50,    0.02,     0.05,    -0.02,    0.02,   -0.01,    0.05, 
23:00:58,8.83,0.01,[0]: ID: 00B48A50,    0.02,     0.05,    -0.02,    0.04,   -0.07,   -0.02, 
23:00:58,8.85,0.02,[0]: ID: 00B48A50,    0.01,     0.05,    -0.02,   -0.08,   -0.04,   -0.13, 
23:00:58,8.86,0.02,[0]: ID: 00B48A50,    0.01,     0.05,    -0.02,    0.03,    0.03,   -0.08, 
23:00:58,8.88,0.02,[0]: ID: 00B48A50,    0.02,     0.05,    -0.02,    0.03,   -0.12,    0.05, 
23:00:58,8.90,0.02,[0]: ID: 00B48A50,    0.01,     0.05,    -0.02,   -0.08,   -0.01,    0.03, 
23:00:58,8.91,0.02,[0]: ID: 00B48A50,    0.02,     0.05,    -0.02,    0.08,    0.04,   -0.03, 
23:00:58,8.93,0.02,[0]: ID: 00B48A50,    0.01,     0.05,    -0.02,   -0.13,   -0.07,    0.04, 
23:00:58,8.94,0.02,[0]: ID: 00B48A50,    0.01,     0.05,    -0.02,   -0.03,    0.15,   -0.03, 
23:00:58,8.96,0.02,[0]: ID: 00B48A50,    0.01,     0.05,    -0.02,   -0.02,   -0.02,   -0.03, 
23:00:58,8.98,0.02,[0]: ID: 00B48A50,    0.01,     0.05,    -0.02,   -0.02,   -0.06,    0.03, 
23:00:58,8.99,0.01,[0]: ID: 00B48A50,    0.01,     0.05,    -0.03,   -0.03,    0.09,   -0.16, 
23:00:58,9.01,0.02,[0]: ID: 00B48A50,    0.01,     0.05,    -0.02,   -0.04,    0.06,    0.18, 
23:00:58,9.02,0.02,[0]: ID: 00B48A50,    0.01,     0.05,    -0.02,    0.09,   -0.08,   -0.11, 
23:00:58,9.04,0.02,[0]: ID: 00B48A50,    0.01,     0.05,    -0.03,    0.09,    0.04,   -0.07, 
23:00:58,9.06,0.01,[0]: ID: 00B48A50,    0.01,     0.05,    -0.03,   -0.07,   -0.02,   -0.08, 
23:00:58,9.07,0.03,[0]: ID: 00B48A50,    0.01,     0.05,    -0.03,    0.04,    0.03,    0.02, 
23:00:58,9.10,0.02,[0]: ID: 00B48A50,    0.01,     0.05,    -0.03,   -0.03,    0.04,    0.04, 
23:00:58,9.12,0.02,[0]: ID: 00B48A50,    0.01,     0.05,    -0.02,    0.03,   -0.06,    0.09, 
23:00:58,9.13,0.02,[0]: ID: 00B48A50,    0.01,     0.05,    -0.03,   -0.13,    0.07,   -0.14, 
23:00:58,9.15,0.02,[0]: ID: 00B48A50,    0.01,     0.05,    -0.03,    0.12,   -0.00,    0.04, 
23:00:58,9.17,0.01,[0]: ID: 00B48A50,    0.01,     0.06,    -0.03,   -0.10,    0.11,    0.01, 
23:00:58,9.18,0.02,[0]: ID: 00B48A50,    0.01,     0.06,    -0.03,    0.09,   -0.01,   -0.01, 
23:00:58,9.20,0.02,[0]: ID: 00B48A50,    0.01,     0.06,    -0.03,   -0.03,    0.09,   -0.03, 
23:00:58,9.21,0.02,[0]: ID: 00B48A50,    0.01,     0.06,    -0.03,   -0.03,   -0.02,   -0.01, 
23:00:58,9.23,0.02,[0]: ID: 00B48A50,    0.01,     0.06,    -0.03,    0.03,    0.00,    0.09, 
23:00:58,9.25,0.02,[0]: ID: 00B48A50,    0.02,     0.06,    -0.03,    0.08,    0.05,    0.03, 
23:00:58,9.26,0.02,[0]: ID: 00B48A50,    0.02,     0.06,    -0.03,    0.03,    0.03,   -0.07, 
23:00:58,9.28,0.02,[0]: ID: 00B48A50,    0.02,     0.06,    -0.03,    0.02,   -0.01,    0.03, 
23:00:58,9.29,0.02,[0]: ID: 00B48A50,    0.02,     0.06,    -0.02,   -0.04,   -0.05,    0.22, 
23:00:58,9.31,0.02,[0]: ID: 00B48A50,    0.01,     0.06,    -0.02,   -0.07,    0.07,   -0.07, 
23:00:58,9.33,0.01,[0]: ID: 00B48A50,    0.01,     0.06,    -0.02,    0.04,   -0.02,   -0.09, 
23:00:58,9.34,0.02,[0]: ID: 00B48A50,    0.02,     0.06,    -0.03,    0.03,    0.04,   -0.04, 
23:00:58,9.36,0.02,[0]: ID: 00B48A50,    0.01,     0.06,    -0.03,   -0.03,    0.10,    0.02, 
23:00:58,9.37,0.02,[0]: ID: 00B48A50,    0.02,     0.06,    -0.02,    0.03,    0.05,    0.02, 
23:00:58,9.39,0.02,[0]: ID: 00B48A50,    0.02,     0.06,    -0.03,    0.03,    0.03,   -0.08, 
23:00:58,9.41,0.02,[0]: ID: 00B48A50,    0.02,     0.06,    -0.03,   -0.03,   -0.07,   -0.03, 
23:00:58,9.42,0.02,[0]: ID: 00B48A50,    0.02,     0.06,    -0.02,    0.02,    0.00,    0.13, 
23:00:58,9.44,0.02,[0]: ID: 00B48A50,    0.02,     0.06,    -0.03,    0.03,    0.09,   -0.09, 
23:00:58,9.45,0.02,[0]: ID: 00B48A50,    0.02,     0.06,    -0.03,   -0.02,    0.05,    0.03, 
23:00:58,9.47,0.03,[0]: ID: 00B48A50,    0.03,     0.05,    -0.02,    0.43,   -0.46,    0.26, 
23:00:58,9.50,0.01,[0]: ID: 00B48A50,    0.03,     0.05,    -0.02,   -0.09,   -0.02,   -0.01, 
23:00:58,9.52,0.02,[0]: ID: 00B48A50,    0.03,     0.05,    -0.02,    0.03,   -0.06,    0.04, 
23:00:58,9.53,0.02,[0]: ID: 00B48A50,    0.03,     0.05,    -0.02,    0.03,    0.03,   -0.08, 
23:00:58,9.55,0.02,[0]: ID: 00B48A50,    0.03,     0.05,    -0.02,    0.03,   -0.01,    0.06, 
23:00:58,9.57,0.02,[0]: ID: 00B48A50,    0.03,     0.04,    -0.02,   -0.01,   -0.08,   -0.13, 
23:00:58,9.58,0.02,[0]: ID: 00B48A50,    0.03,     0.04,    -0.02,    0.03,   -0.08,   -0.01, 
23:00:58,9.60,0.02,[0]: ID: 00B48A50,    0.03,     0.04,    -0.02,   -0.09,    0.09,   -0.05, 
23:00:58,9.61,0.02,[0]: ID: 00B48A50,    0.03,     0.04,    -0.02,   -0.02,   -0.02,   -0.03, 
23:00:58,9.63,0.02,[0]: ID: 00B48A50,    0.03,     0.05,    -0.02,   -0.08,    0.04,    0.04, 
23:00:58,9.64,0.02,[0]: ID: 00B48A50,    0.03,     0.04,    -0.02,   -0.07,   -0.01,    0.03, 
23:00:58,9.66,0.01,[0]: ID: 00B48A50,    0.03,     0.04,    -0.02,    0.04,   -0.08,   -0.07, 
23:00:58,9.68,0.02,[0]: ID: 00B48A50,    0.03,     0.04,    -0.02,    0.08,   -0.06,    0.11, 
23:00:58,9.69,0.02,[0]: ID: 00B48A50,    0.03,     0.04,    -0.02,   -0.03,    0.03,   -0.02, 
23:00:58,9.71,0.02,[0]: ID: 00B48A50,    0.03,     0.04,    -0.02,    0.09,    0.04,   -0.02, 
23:00:58,9.72,0.02,[0]: ID: 00B48A50,    0.03,     0.04,    -0.02,   -0.02,    0.04,   -0.03, 
23:00:58,9.74,0.02,[0]: ID: 00B48A50,    0.03,     0.04,    -0.02,    0.09,   -0.01,   -0.02, 
23:00:58,9.76,0.02,[0]: ID: 00B48A50,    0.03,     0.04,    -0.02,   -0.02,   -0.02,   -0.02, 
23:00:58,9.77,0.02,[0]: ID: 00B48A50,    0.03,     0.04,    -0.02,    0.09,   -0.01,   -0.02, 
23:00:58,9.79,0.02,[0]: ID: 00B48A50,    0.03,     0.04,    -0.02,   -0.03,   -0.01,    0.11, 
23:00:59,9.80,0.02,[0]: ID: 00B48A50,    0.03,     0.04,    -0.02,   -0.06,   -0.02,   -0.06, 
23:00:59,9.82,0.03,[0]: ID: 00B48A50,    0.03,     0.04,    -0.02,    0.02,   -0.06,    0.02, 
23:00:59,9.85,0.02,[0]: ID: 00B48A50,    0.03,     0.04,    -0.02,   -0.08,    0.03,   -0.09, 
23:00:59,9.87,0.02,[0]: ID: 00B48A50,    0.03,     0.04,    -0.02,   -0.03,    0.04,    0.03, 
23:00:59,9.88,0.02,[0]: ID: 00B48A50,    0.03,     0.04,    -0.02,    0.03,    0.04,   -0.02, 
23:00:59,9.90,0.02,[0]: ID: 00B48A50,    0.03,     0.04,    -0.02,   -0.03,    0.04,    0.03, 
